-- MySQL dump 10.13  Distrib 8.0.36, for Win64 (x86_64)
--
-- Host: 127.0.0.1    Database: bookstore_data
-- ------------------------------------------------------
-- Server version	8.0.37

/*!40101 SET @OLD_CHARACTER_SET_CLIENT=@@CHARACTER_SET_CLIENT */;
/*!40101 SET @OLD_CHARACTER_SET_RESULTS=@@CHARACTER_SET_RESULTS */;
/*!40101 SET @OLD_COLLATION_CONNECTION=@@COLLATION_CONNECTION */;
/*!50503 SET NAMES utf8 */;
/*!40103 SET @OLD_TIME_ZONE=@@TIME_ZONE */;
/*!40103 SET TIME_ZONE='+00:00' */;
/*!40014 SET @OLD_UNIQUE_CHECKS=@@UNIQUE_CHECKS, UNIQUE_CHECKS=0 */;
/*!40014 SET @OLD_FOREIGN_KEY_CHECKS=@@FOREIGN_KEY_CHECKS, FOREIGN_KEY_CHECKS=0 */;
/*!40101 SET @OLD_SQL_MODE=@@SQL_MODE, SQL_MODE='NO_AUTO_VALUE_ON_ZERO' */;
/*!40111 SET @OLD_SQL_NOTES=@@SQL_NOTES, SQL_NOTES=0 */;

--
-- Table structure for table `books`
--

DROP TABLE IF EXISTS `books`;
/*!40101 SET @saved_cs_client     = @@character_set_client */;
/*!50503 SET character_set_client = utf8mb4 */;
CREATE TABLE `books` (
  `id` bigint NOT NULL AUTO_INCREMENT,
  `author` varchar(255) DEFAULT NULL,
  `buy_count` int DEFAULT '0',
  `cover_image` varchar(255) DEFAULT NULL,
  `created_at` datetime(6) DEFAULT NULL,
  `description` text NOT NULL,
  `number_of_pages` int DEFAULT NULL,
  `original_price` double DEFAULT NULL,
  `published_date` int DEFAULT NULL,
  `publisher` varchar(255) DEFAULT NULL,
  `qty` int DEFAULT NULL,
  `sale_price` double DEFAULT NULL,
  `title` varchar(255) DEFAULT NULL,
  `updated_at` datetime(6) DEFAULT NULL,
  `category_id` bigint DEFAULT NULL,
  `layout` varchar(255) DEFAULT NULL,
  `supplier` varchar(255) DEFAULT NULL,
  `weight` int DEFAULT NULL,
  PRIMARY KEY (`id`),
  KEY `FKleqa3hhc0uhfvurq6mil47xk0` (`category_id`),
  CONSTRAINT `FKleqa3hhc0uhfvurq6mil47xk0` FOREIGN KEY (`category_id`) REFERENCES `categories` (`id`)
) ENGINE=InnoDB AUTO_INCREMENT=54 DEFAULT CHARSET=utf8mb4 COLLATE=utf8mb4_0900_ai_ci;
/*!40101 SET character_set_client = @saved_cs_client */;

--
-- Dumping data for table `books`
--

LOCK TABLES `books` WRITE;
/*!40000 ALTER TABLE `books` DISABLE KEYS */;
INSERT INTO `books` VALUES (25,'Từ Lỗi Tuyên',99,'1732909437621_image_195509_1_16509.webp','2024-12-03 14:54:13.906000','TUỔI TRẺ LÀ CHUYẾN HÀNH TRÌNH MỘT CHIỀU\r\n\r\nTrên chuyến hành trình này, dù những chuyện bạn gặp phải là nắng dịu gió nhẹ hay bão táp mưa sa, những điều bạn trải qua là thuận buồm xuôi gió hay gập ghềnh trắc trở, thì những trải nghiệm suốt dọc đường đi đều sẽ lưu lại dấu vết trong lòng bạn. Có thể nó sẽ là một dấu ấn tuyệt đẹp, cũng có thể nó lại là một vết thương mãi mãi lưu sẹo.\r\n\r\nCho dù háo hức thoát khỏi vỏ ốc của bản thân đến thế nào đi chăng nữa thì chúng ta của những năm tháng thiếu niên ấy, hành trang mang theo chỉ có lòng dũng cảm, chỉ biết dùng những cách mà chúng ta cho rằng có thể bảo vệ bản thân để đối mặt với những mối nguy cơ ở thế giới bên ngoài. Và trên hành trình này, những nỗi ưu phiền xoay quanh vấn đề học tập, tình bạn, tình yêu, các mối quan hệ trong gia đình, nhà trường và ngoài xã hội thật khó để mở lời giãi bày cùng thầy cô, bố mẹ hay bạn bè, mà chỉ có thể tự mình dò dẫm đi tìm đáp án.\r\n\r\nNếu có thể làm cho bản thân mình trở nên kiên cường và hiểu biết hơn thì những vấp ngã kia có sá gì? Chỉ cần bên cạnh bạn có những đôi tay sẵn sàng chìa ra nâng đỡ, có những bờ vai cho bạn tựa vào, có những cái ôm động viên khích lệ, vậy thì quá trình trưởng thành của bạn vĩnh viễn không hoài phí, mà còn nhận được nhiều hơn. Cuốn sách này gồm 45 câu chuyện về những nỗi ưu phiền thời thanh xuân của bất kì ai trong chúng ta, hãy mang theo nó và lòng can đảm tiến về phía trước để có những trải nghiệm, cảm nhận và tìm ra lời giải cho những nỗi đau đớn mà bạn đang ôm giữ trong lòng…\r\n\r\nĐừng lo lắng, bởi vì đó chính là tuổi trẻ.',312,115000,2019,'NXB Phụ Nữ',900,57500,'Chưa Một Lần Đau Sao Là Tuổi Trẻ','2024-11-30 03:03:17.263000',23,'Bìa mềm','Minh Long',360),(26,'Lý Thượng Long',45,'1732910490740_8935278605546.webp','2024-11-30 03:01:30.732000','30 TUỔI - MỌI THỨ CHỈ MỚI BẮT ĐẦU\r\n\r\n“Bởi vì, ba mươi tuổi mọi thứ chỉ mới bắt đầu. Đừng sợ đau khổ. Tất cả những khổ đau phải trải qua ở tuổi đôi mươi đều là món quà của cuộc sống.”\r\n\r\nNhững khởi đầu ở tuổi 30\r\n\r\nBa mươi tuổi, một phần ba quãng thời gian cuộc đời đã hết, cũng là mở đầu cho quãng đường mới mở ra. Cuốn sách này tặng bạn chìa khóa đi vào thế giới trưởng thành và tiến bộ, chính là sự kiên trì làm người khác phải cảm động, làm mọi khó khăn phải lui bước!\r\n\r\nViết một cuốn tự truyện khi sắp ba mươi, chẳng phải vì quá nhiều thành tựu, nên muốn khoe khoang một chút, cũng không hẳn do yêu mình. Chỉ là chút giãi bày, để nhìn lại bản thân, chia sẻ tâm tư cùng người đọc, nhắn cho những ai còn lo lắng hay mơ hồ về thanh xuân sắp qua, rằng mọi thứ mới chỉ đang bắt đầu. Đó là những gì Lý Thượng Long nói với bạn ở cuốn sách này.\r\n\r\nHãy kiên trì với con đường mình đã chọn, ngay cả khi những người xung quanh đang đi đường tắt. Kiên trì với những gì bạn yêu thích, ngay cả khi người xung quanh cho rằng bạn rất cực khổ. Kiên trì với con đường của mình ngay cả khi chỉ có một mình suốt chặng.\r\n\r\nBởi những gì bạn đang trải qua đều quý giá, chính là cơ hội để không ngừng trau dồi bản thân. Mỗi ngày, hãy tự nhủ: 30 Tuổi - Mọi Thứ Chỉ Mới Bắt Đầu. Và bắt đầu trở nên ngày càng vững mạnh hơn, bạn nhé!',332,135000,2023,'Dân Trí',999,105000,'30 Tuổi - Mọi Thứ Chỉ Mới Bắt Đầu','2024-11-30 03:01:30.753000',23,'Bìa mềm','Saigon Books',350),(27,'Châu Sa Đáy Mắt',65,'1732910762462_8935325011559.webp','2024-11-30 03:06:02.455000','Đám Trẻ Ở Đại Dương Đen\r\n\r\n“nỗi buồn không rõ hình thù\r\n\r\nta cho nó dáng, ta thu vào lòng\r\n\r\nta ôm mà chẳng đề phòng\r\n\r\nmột ngày nó lớn chất chồng tâm can”\r\n\r\n“kẻ sống muốn đời cạn\r\n\r\nngười chết muốn hồi sinh\r\n\r\ntrần gian bi hài nhỉ?\r\n\r\nta còn muốn bỏ mình?”\r\n\r\nĐám trẻ ở đại dương đen là lời độc thoại và đối thoại của những đứa trẻ ở đại dương đen, nơi từng lớp sóng của nỗi buồn và tuyệt vọng không ngừng cuộn trào, lúc âm ỉ, khi dữ dội. Những đứa trẻ ấy phải vật lộn trong những góc tối tâm lý, với sự u uất đè nén từ tổn thương khi không được sinh ra trong một gia đình toàn vẹn, ấm êm, khi phải mang trên đôi vai non dại những gánh nặng không tưởng.\r\n\r\nSong song đó cũng là quá trình tự chữa lành vô cùng khó khăn của đám trẻ, cố gắng vươn mình ra khỏi đại dương đen, tìm cho mình một ánh sáng. Và chính những sự nỗ lực xoa dịu chính mình đó đã hóa thành những câu từ trong cuốn sách này, bất kể đau đớn thế nào.\r\n\r\nCuốn sách được viết bởi Châu Sa Đáy Mắt, một tác giả GenZ mong muốn cùng các bạn trẻ bộc bạch và vỗ về những xúc cảm chân thật về gia đình, xã hội và chính bản thân.\r\n\r\nSách được phát hành bởi Wavebooks - thương hiệu sách dành cho người Việt trẻ.',280,99000,2003,'Thế Giới',999,76500,'Đám Trẻ Ở Đại Dương Đen','2024-11-30 03:06:02.473000',24,'Bìa mềm','AZ Việt Nam',300),(30,'Viktor E Frankl',3,'1733148203905_thumb-01113_1.webp','2024-12-02 21:03:23.879000','ĐI TÌM LẼ SỐNG CỦA VIKTOR FRANKL LÀ MỘT TRONG NHỮNG QUYỂN SÁCH KINH ĐIỂN CỦA THỜI ĐẠI.\r\n\r\nThông thường, nếu một quyển sách chỉ có một đoạn văn, một ý tưởng có sức mạnh thay đổi cuộc sống của một người, thì chỉ riêng điều đó cũng đã đủ để chúng ta đọc đi đọc lại và dành cho nó một chỗ trên kệ sách của mình. Quyển sách này có nhiều đoạn văn như thế.\r\n\r\nTrước hết, đây là quyển sách viết về sự sinh tồn. Giống như nhiều người Do Thái sinh sống tại Đức và Đông Âu khi ấy, vốn nghĩ rằng mình sẽ được an toàn trong những năm 1930, Frankl đã trải qua khoảng thời gian chịu nhiều nghiệt ngã trong trại tập trung và trại hủy diệt của Đức quốc xã. Điều kỳ diệu là ông đã sống sót, cụm từ “thép đã tôi thế đấy” có thể lột tả chính xác trường hợp này. Nhưng trong Đi tìm lẽ sống, tác giả ít đề cập đến những khó nhọc, đau thương, mất mát mà ông đã trải qua, thay vào đó ông viết về những nguồn sức mạnh đã giúp ông tồn tại.\r\n\r\nÔng chua xót kể về những tù nhân đã đầu hàng cuộc sống, mất hết hy vọng ở tương lai và chắc hẳn là những người đầu tiên sẽ chết. Ít người chết vì thiếu thức ăn và thuốc men, mà phần lớn họ chết vì thiếu hy vọng, thiếu một lẽ sống. Ngược lại, Frankl đã nuôi giữ hy vọng để giữ cho mình sống sót bằng cách nghĩ về người vợ của mình và trông chờ ngày gặp lại nàng. Ông còn mơ ước sau chiến tranh sẽ được thuyết giảng về các bài học tâm lý ông đã học được từ trại tập trung Auschwitz. Rõ ràng có nhiều tù nhân khao khát được sống đã chết, một số chết vì bệnh, một số chết vì bị hỏa thiêu. Trong tập sách này, Frankl tập trung lý giải nguyên nhân vì sao có những người đã sống sót trong trại tập trung của phát xít Đức hơn là đưa ra lời giải thích cho câu hỏi vì sao phần lớn trong số họ đã không bao giờ trở về nữa.\r\n\r\nNhiệm vụ lớn lao nhất của mỗi người là tìm ra ý nghĩa trong cuộc sống của mình. Frankl đã nhìn thấy ba nguồn ý nghĩa cơ bản của đời người: thành tựu trong công việc, sự quan tâm chăm sóc đối với những người thân yêu và lòng can đảm khi đối mặt với những thời khắc gay go của cuộc sống.\r\n\r\nĐau khổ tự bản thân nó không có ý nghĩa gì cả, chính cách phản ứng của chúng ta mới khoác lên cho chúng ý nghĩa.\r\n\r\nFrankl đã viết rằng một người “có thể giữ vững lòng quả cảm, phẩm giá và sự bao dung, hoặc người ấy có thể quên mất phẩm giá của con người và tự đặt mình ngang hàng loài cầm thú trong cuộc đấu tranh khắc nghiệt để sinh tồn”. Ông thừa nhận rằng chỉ có một số ít tù nhân của Đức quốc xã là có thể giữ được những phẩm chất ấy, nhưng “chỉ cần một ví dụ như thế cũng đủ chứng minh rằng sức mạnh bên trong của con người có thể đưa người ấy vượt lên số phận nghiệt ngã của mình”.\r\n\r\nBáo chí nói gì về “Đi tìm lẽ sống”\r\n\r\n“Cuốn sách giúp bạn tìm ra lẽ sống, sức mạnh của bản thân.” - Zing News\r\n\r\n“Cuốn sách của Frankl giúp người đọc nhìn thấy 3 nguồn ý nghĩa cơ bản của đời người: thành tựu trong công việc, sự quan tâm chăm sóc đối với những người thân yêu và lòng can đảm khi đối mặt với những thời khắc gay go của cuộc sống.” - Nhịp cầu đầu tư\r\n\r\n“Là nguồn cảm hứng cho độc giả trên khắp thế giới trong gần một thế kỉ qua, \"Đi tìm lẽ sống\" là một cuốn sách mà tất cả chúng ta có lẽ đều nên đọc một lần trên con đường đi tìm ý nghĩa cho cuộc đời của mình.” - Trạm Đọc',262,88000,2022,'NXB Tổng Hợp TPHCM',999,44000,'Đi Tìm Lẽ Sống (Tái Bản 2022)','2024-12-02 21:03:23.926000',23,'Bìa mềm','FIRST NEWS',224),(31,'Bino Chém Tiếng Anh',65,'1733212453927_chemta-bino_bia1_3.webp','2024-12-03 14:54:13.906000','\"Chém\" Tiếng Anh Không Cần Động Não\r\n\r\n“Phần lớn người Việt đều biết tiếng Anh NHIỀU HƠN HỌ NGHĨ, chỉ là họ chưa biết làm thế nào để đưa ý tưởng thành lời nói mà thôi!” - Bino chém tiếng Anh\r\n\r\nBiết nhiều tiếng Anh nhưng không… nói được - điều này có đúng với bạn không? Sao 12 năm học tiếng Anh không giúp chúng ta xử lý được những cuộc trò chuyện thông thường?\r\n\r\nSao điểm tiếng Anh trên lớp toàn 9, 10 nhưng gặp Tây lại ấp a ấp úng? Sao sở hữu điểm IELTS 7.0+ nhưng vẫn “sốc ngôn ngữ” khi ra nước ngoài?\r\n\r\nNguyên nhân có lẽ nằm nhiều ở cách giáo dục truyền thống tại Việt Nam - vốn nặng tính học thuật, thiếu “hơi thở đời thường”, ít luyện tập và ít nhấn mạnh vào thứ ngôn ngữ tự nhiên mà người bản xứ thường nói với nhau.\r\n\r\n“Chém tiếng Anh không cần động não” của tác giả Bino - chủ kênh TikTok @binochemtienganh với hơn 750 nghìn người theo dõi - được thiết kế để giải quyết điểm khó cố hữu trên. Với cách tiếp cận nặng tính thực tiễn, thực chiến và luyện tập - đây chính là cuốn sách luyện nói tiếng Anh dành cho những ai đang muốn thực sự nói được tiếng Anh trong đời sống.',200,169000,2024,'Thế Giới',999,113000,'\"Chém\" Tiếng Anh Không Cần Động Não','2024-12-03 14:54:13.950000',26,'Bìa mềm','ZenBooks',155),(32,'The Windy',25,'1733212639554_24df17f9bab58ba053c6c08c3af2f470_1.webp','2024-12-03 14:54:13.906000','Nhà ngôn ngữ học nổi tiếng D.A.Wilkins đã nói rằng “Without grammar, very little can be conveyed; without vocabulary, nothing can be conveyed.” (Không có ngữ pháp, rất ít thông tin có thể được truyền đạt; Không có từ vựng, không một thông tin nào có thể được truyền đạt cả). Vì thế, trong việc học một ngoại ngữ, thì từ vựng có thể xem như các tế bào nhỏ hình thành nên khả năng sử dụng ngoại ngữ của người học.\r\n\r\nCác bạn đang băn khoăn chưa biết nên học từ vựng như thế nào để có thể ghi nhớ được nhiều từ và lâu nhất. Dưới đây là những phương pháp học mà các bạn có thể áp dụng để học từ vựng hiệu quả nhất.\r\n\r\n1. Học từ vựng theo chủ đề\r\nThay vì học riêng lẻ từng từ rời rạc, nếu các bạn biết nhóm chúng vào cùng một chủ đề thì đảm bảo việc học thuộc sẽ trở nên đơn giản hơn rất nhiều luôn. Có vốn từ vựng theo chủ đề, khi làm bài thi nói hoặc viết theo một chủ đề nào đó bạn sẽ phát huy được tối đa vốn từ vựng. Khiến bài nói và bài viết của bạn trôi chảy và nhiều ý tưởng. Vì vậy, việc học từ theo chủ đề cũng giống như một mũi tên trúng hai đích vậy, vừa giúp chúng ta biết thêm nhiều từ mới, vừa có nhiều từ vựng và ý hay để triển khai cho bài thi được tốt hơn.\r\n\r\n2. Sử dụng hình ảnh, âm thanh hay câu chuyện để ghi nhớ từ vựng nhanh\r\nThực tế cho thấy, cách mà nhiều người thường hay học từ vựng đó là viết từ vựng đó kèm nghĩa ra giấy thật nhiều lần để ghi nhớ. Tuy nhiên, cách này có thể hiệu quả tức thời nhưng về lâu về dài, nếu không sử dụng lại thì chắc chắn ta sẽ quên từ. Ngược lại, nếu sử dụng những hình ảnh, âm thanh hay câu chuyện ấn tượng thì có thể khiến não bộ chúng ta nhớ rất mãi. Cách thức học này cũng vô cùng đơn giản, khi chúng ta học một từ mới, hãy cố gắng tự nghĩ ý tưởng và minh họa cho nó bằng hình ảnh ngộ nghĩnh, khi học một nhóm từ vựng theo chủ đề, hãy cố gắng sắp xếp chúng vào thành một đoạn văn, kể về một câu chuyện thú vị.\r\n\r\n3. Học từ vựng qua bài hát, phim ảnh\r\n\r\nNhiều lúc do tâm lý nghĩ học tập là một gánh nặng, bắt buộc phải học mà khiến chúng ta mất đi niềm vui trong việc tiếp nhận tri thức. Nếu các bạn có thể giải tỏa tâm lý đó bằng việc nghe nhạc hay xem phim thì sẽ khiến từ mới “vào đầu” dễ dàng hơn mà không khiến ta chán nản khi học. Các bạn nên học từ vựng bằng những phim từ mức độ thấp đến cao. Rất nhiều bộ phim hay để học tiếng Anh như: Extra English, Friends, How I met your mother?...\r\n\r\n4. Luôn có một cuốn sổ tay ghi từ mới\r\nCuốn sổ này sẽ cực kì hữu ích cho bạn trong việc học mọi lúc mọi nơi. Mỗi ngày bạn hay ghi vào quyển sổ đó những từ mới học được bao gồm nghĩa, họ từ và ngày nào cũng mở ra đọc và học lại như vậy từ vựng đó sẽ không bao giờ có thể quên được.\r\n\r\n5. Tập sử dụng các từ mới và ôn tập thường xuyên\r\nSau khi học các từ mới, bạn nên tập sử dụng chúng hàng',260,65000,2019,'NXB Đại Học Quốc Gia Hà Nội',999,45000,'Tự Học 2000 Từ Vựng Tiếng Anh Theo Chủ Đề (Tái Bản)','2024-12-10 01:15:00.603000',26,'Bìa mềm','MCBooks',280),(33,'Nguyễn Anh Dũng',10,'1734160453265_9786044742250.webp','2024-12-14 14:14:13.255000','Tư Duy Mở\r\n\r\nCon người đang sống trong thời đại công nghệ, khi mọi thứ thay đổi chóng mặt, điều đó đòi hỏi chúng ta phải linh hoạt trong cách tư duy để bắt kịp xu hướng toàn cầu. Hay nói cách khác, chúng ta cần có một tư duy mở để đón nhận và khai phá kiến thức mới, bởi nếu chúng ta cứ khăng khăng giữ định kiến của mình thì sự phát triển sẽ đi vào ngõ cụt.\r\n\r\nCụ thể hơn, người có tư duy mở tin rằng chỉ cần họ nỗ lực, thay đổi là có thể tiến bộ hơn. Họ sẽ vui vẻ chấp nhận thử thách, xem thử thách như cơ hội để học hỏi được những điều hay cái mới. Khi đối mặt với khó khăn hay không thành công, người có tư duy mở thường có thái độ: “Cách này không hiệu quả, vậy mình thử cách khác”. Đối với họ, thất bại chỉ là bài học giúp họ hoàn hảo hơn trên con đường khẳng định bản thân và phát triển sự nghiệp.\r\n\r\nVậy làm thế nào để biết được chúng ta đang có loại tư duy nào, đóng hay mở? Và làm thế nào chúng ta nhận ra chúng?\r\n\r\nNhưng làm thế nào để có được tư duy mở?\r\n\r\nVà tư duy mở góp phần vào cuộc sống của chúng ta thế nào?\r\n\r\nKhi bạn đặt ra những câu hỏi đó thì cuốn sách này sinh ra để dành cho bạn. Cuốn sách được biên soạn dựa trên sự học tập và nghiên cứu tài liệu trong và ngoài nước cũng như từ những trải nghiệm của bản thân tác giả sẽ mang lại cho bạn những giá trị hữu ích của tư duy mở, giúp bạn tự tin chinh phục ước mơ, sẵn sàng đón nhận mọi chướng ngại và luôn nở nụ cười hạnh phúc.',208,138000,2023,'Dân Trí',898,69000,'Tư Duy Mở','2024-12-14 14:14:13.277000',23,'Bìa mềm','CÔNG TY CỔ PHẦN SBOOKS',220),(34,'Nguyễn Anh Dũng',56,'1734160621914_2022_10_21_16_49_32_1-390x510.webp','2024-12-14 14:17:01.908000','Tư Duy Ngược\r\n\r\nChúng ta thực sự có hạnh phúc không? Chúng ta có đang sống cuộc đời mình không? Chúng ta có dám dũng cảm chiến thắng mọi khuôn mẫu, định kiến, đi ngược đám đông để khẳng định bản sắc riêng của mình không?. Có bao giờ bạn tự hỏi như thế, rồi có câu trả lời cho chính mình?\r\n\r\nTôi biết biết, không phải ai cũng đang sống cuộc đời của mình, không phải ai cũng dám vượt qua mọi lối mòn để sáng tạo và thành công… Dựa trên việc nghiên cứu, tìm hiểu, chắt lọc, tìm kiếm, ghi chép từ các câu chuyện trong đời sống, cũng như trải nghiệm của bản thân, tôi viết cuốn sách này.\r\n\r\nCuốn sách sẽ giải mã bạn là ai, bạn cần Tư duy ngược để thành công và hạnh phúc như thế nào và các phương pháp giúp bạn dũng cảm sống cuộc đời mà bạn muốn.',242,139000,2021,'Dân Trí',789,69500,'Tư Duy Ngược','2024-12-14 14:17:01.922000',23,'213','CÔNG TY CỔ PHẦN SBOOKS',214),(35,'Trác Nhã',46,'1734160746249_8936067605693.jpg','2024-12-14 14:19:06.234000','Khéo Ăn Nói Sẽ Có Được Thiên Hạ (Tái Bản 2022)\r\n\r\nTrong xã hội thông tin hiện đại, sự im lặng không còn là vàng nữa, nếu không biết cách giao tiếp thì dù là vàng cũng sẽ bị chôn vùi. Trong cuộc đời một con người, từ xin việc đến thăng tiến, từ tình yêu đến hôn nhân, từ tiếp thị cho đến đàm phán, từ xã giao đến làm việc… không thể không cần đến kĩ năng và khả năng giao tiếp. Khéo ăn khéo nói thì đi đâu, làm gì cũng gặp thuận lợi. Không khéo ăn nói, bốn bề đều là trở ngại khó khăn.\r\n\r\nĐã bao giờ đánh mất một công việc, bạn bỏ lỡ một mối quan hệ tuyệt vời, hay đơn giản là bạn cảm thấy khó nói chuyện với mọi người. Bạn có bao giờ nghĩ là do kĩ năng nói chuyện của mình chưa tốt, chưa thuyết phục được mọi người. Bạn đổ lỗi cho số phận và vận may của mình chưa đến. Hãy dừng việc than thân trách phận và hành động để thay đòi chính mình.\r\n\r\nVậy làm thế nào để cải thiện và tránh gặp phải những tình huống như trên? Làm thế nào để ăn nói khéo léo? Có phương pháp và quy luật nào được áp dụng khi giao tiếp không? Có nguyên tắc và bí quyết nào cho các cuộc nói chuyện không? Trong những tình huống khác nhau, với những người khác nhau thì phải nói chuyện như thế nào, và làm sao để trình bày những điều khó nói?\r\n\r\nCuốn sách Khéo ăn nói sẽ có được thiên hạ của Trác Nhã sẽ giải đáp cho bạn đọc những câu hỏi đó. Cuốn sách với ngôn từ rõ ràng, gần gũi với cuộc sống sẽ mang đến những kĩ năng và phương pháp giao tiếp thực dụng, chắc chắn sẽ giúp ích được cho bạn đọc.\r\n\r\nGiá trị của cuốn sách nằm ở chỗ tác giả đã dốc hết tâm sức nghiên cứu về các kĩ năng và quy tắc giao tiếp để đúc kết, truyền tải vào trong những trang sách khiến cho người đọc cảm thấy cuốn hút, và học hỏi được nhiều kĩ năng giúp cho bạn đọc tự tin và thành công trong việc giao tiếp.\r\n\r\nXây dựng mối quan hệ nhờ tài ăn nói\r\n\r\nTừ trước đến nay, trong xã hội, giao tiếp đang là một trong những điều mà ai cũng phải đối mặt, đặc biệt là các bạn trẻ, những bạn đang bước chân đang cần chứng tỏ năng lực của mình trước cuộc sống, mọi người. Chúng ta ngày càng phải giao tiếp với rất nhiều người. Sử dụng ngôn ngữ khéo léo, thân thiện chính là cách quan trọng nhất để xóa bỏ tâm lí đề phòng của đối phương và rút ngắn khoảng cách giữa hai bên, giúp cho mọi người tin tưởng bạn hơn và từ đó sẵn sàng giúp đỡ bạn trong công việc và học tập.\r\n\r\nHơn nữa để thành công, bạn không được bỏ qua một mối quan hệ nào trong xã hội, mỗi một người đến và đi trong cuộc đời bạn đều có thể cho bạn nhiều bài học, kinh nghiệm quý báu mà nó sẽ chắc chắn sẽ giúp ích cho bạn trong cuộc đời. Điều quan trọng là bạn phải ăn nói, giao tiếp như nào để người đó yêu quý bạn và sẵn sàng chia sẻ cho bạn những kinh nghiệm quý báu của bản thân họ. Cuốn sách “ Khéo ăn nói sẽ có được thiên hạ” chắc chắn sẽ không làm bạn thất vọng.\r\n\r\nKĩ năng giúp cho người ngại giao tiếp mở lời trò chuyện\r\n\r\nTrong cuộc sống hay trong công việc, có một số người không thích nói chuyện, trong một số trường hợp bắt buộc phải nói, họ cũng không chịu nói gì cả, những người như vậy được gọi là người ngại giao tiếp. Ở công sở hoặc một số nơi khác, khi những người khác đều đang trò chuyện sôi nổi, thì những người ngại giao tiếp chỉ ngồi một góc lắng nghe hoặc suy nghĩ vấn đề riêng của họ. Trong giao tiếp nếu gặp những người như vậy chúng ta đều thấy rất tẻ nhạt, và không muốn làm việc cũng như giao tiếp. Vậy phải làm thế nào để những người ngại giao tiếp mở lời trò chuyện?\r\n\r\nSử dụng lời khen chân thành, đặt câu hỏi đúng thời điểm\r\n\r\nThực tế cho thấy, mọi người ai cũng muốn được người khác khen ngợi, nếu muốn những người ngại giao tiếp thì chúng ta hãy mở lời động viên họ bằng những lời khen khiến cho họ có niềm tin, để họ biết rằng những điều họ làm đều rất có giá trị, mọi người đều rất ngưỡng mộ và trân trọng thành quả của họ, hãy động viên họ bằng những câu hỏi liên quan đến kiến thức chuyên môn của chính họ, chắc chắn rằng họ sẽ mở lòng nói chuyện với chúng ta dần dần họ sẽ có được sự tự tin và giao tiếp nhiều hơn.\r\n\r\nĐặt câu hỏi có/không\r\n\r\nChúng ta gặp những người ít nói trong cuộc sống, họ hay dùng các từ như có, không, ừ , à… khi trả lời câu hỏi. Bạn đừng mất kiên nhẫn, hãy sử dụng chính đặc điểm kiệm lời, không thích nói chuyện của họ. Sau khi xác định rõ bản thân muốn có được đáp án như thế nào , hãy nêu những câu hỏi mà câu trả lời sẽ là có hoặc không, hoặc hỏi những câu ngắn gọn thể hiện bạn muốn biết đáp án. Việc hỏi như vậy không chỉ khiến đối phương mở lời, mà còn có thể trực tiếp giúp bạn đạt được hiệu quả.\r\n\r\nTranh luận\r\n\r\nMuốn cá cắn câu bạn phải dùng mồi câu tốt. Khi giao tiếp, hãy sử dụng những câu hỏi và đề tài dễ dàng cho việc bắt đầu một cuộc tranh luận đê giúp những người ngại giao tiếp cảm thấy tự tin hơn. Bạn có thể nêu những suy nghĩ trái ngược nhau về cùng môt vấn đề, hoặc yêu cầu đối phương đặt câu hỏi;',404,130000,2022,'Văn Học',678,87000,'Khéo Ăn Nói Sẽ Có Được Thiên Hạ (Tái Bản 2022)','2024-12-14 14:19:06.259000',23,'Bìa mềm','Minh Long',410),(36,'Thanh Hương',34,'1734160914517_2024_06_10_16_12_48_1-390x510.webp','2024-12-14 14:21:54.512000','38 Bức Thư Rockefeller Viết Cho Con Trai\r\n\r\nNGƯỜI SỐNG TRÊN ĐỜI, NHƯ THẾ NÀO LÀ THIỆN, LẠI NHƯ THẾ NÀO LÀ ÁC? THẾ NÀO LÀ SỰ THIÊN LỆCH, MÀ THẾ NÀO MỚI LÀ CHÍNH ĐÍNH?\r\n\r\nCó người khởi tâm ác mà thực ra lại là làm việc thiện. Nhưng nhà kia giàu có lắm, gặp năm mất mùa, dân cùng cực phải cướp thóc lúa ở chợ ngay giữa ban ngày. Người kia báo với tri huyện, nhưng tri huyện không xử lý việc ấy.\r\n\r\nNhững người dân nghèo thấy thế càng phóng túng bừa bãi, nên nhà ấy tự ý bắt giam những người cướp bóc, làm cho chúng phải hổ thẹn, dân chúng vì thế mới được yên ổn. Nếu nhà kia không làm như vậy thì ắt nơi ấy sẽ loạn cả.\r\n\r\nNgười làm việc thiện là chính đính, người làm việc ác thì là thiên lệch, điều ấy người ta đều biết. Nhưng khởi phát tâm làm việc thiện mà làm việc ác, ấy là trong chính đính lại có thiên lệch vậy. Khởi tâm làm việc ác mà lại thành ra làm việc thiện, ấy là trong thiên lệch có chính đính. Điều ấy ta chẳng thể không biết vậy.',268,138000,2023,'Văn Học',867,69000,'38 Bức Thư Rockefeller Viết Cho Con Trai','2024-12-14 14:21:54.530000',23,'Bìa mềm','CÔNG TY CỔ PHẦN SBOOKS',288),(37,'Nhiều Tác Giả',65,'1734162217741_co-mot-ngay-bo-me-se-gia-di_1_1.webp','2024-12-14 14:43:37.735000','Có Một Ngày, Bố Mẹ Sẽ Già Đi\r\n\r\nBao lâu rồi bạn chưa về nhà?\r\n\r\nBao lâu rồi bạn chưa ngồi quây quần bên mâm cơm gia đình?\r\n\r\n“Trong thế giới của người trưởng thành, những xô bồ chốn đô thị và dụ hoặc nơi trần thế ngày càng nhiều.” Chúng ta bị cuốn vào guồng quay cuộc sống và vô tình bỏ quên những người thân yêu rồi đến khi nhận ra, có những chuyện đã không thể vãn hồi. Thời gian giống như đường một chiều, kẻ lữ hành chúng ta chỉ có thể tiến về phía trước và tuổi tác của bố mẹ cũng vậy, sẽ ngày một già đi theo năm tháng.\r\n\r\n“Có một ngày, bố mẹ sẽ già đi” là những câu chuyện cảm động về tình thân, gia đình và người nhà. Mỗi trang sách đều tái hiện ký ức tuổi thơ với những khoảnh khắc quý báu bên những người thân yêu. Căn nhà thời thơ ấu, món ăn thơm ngon mẹ nấu, những lời dặn dò của bố, sự ân cần của ông bà dành cho con cháu… Những hình ảnh gần gũi mà bình dị này sẽ ôm lấy bạn, trở thành nguồn sức mạnh to lớn giúp bạn vượt qua giông bão cuộc đời.\r\n\r\n“Bạn ơi, mau về nhà thôi…\r\n\r\ncó ánh đèn vàng ấm áp luôn sáng,\r\n\r\ncó bữa cơm nóng hổi vương hương thơm,\r\n\r\ncó gia đình đang ngóng trông đợi chờ, bất kể bao mùa mưa nắng.\r\n\r\nĐong đầy thương nhớ và tình yêu vô điều kiện.”',216,92000,2024,'Thế Giới',578,78000,'Có Một Ngày, Bố Mẹ Sẽ Già Đi (Tái Bản 2024)','2024-12-14 14:43:37.757000',24,'Bìa mềm','AZ Việt Nam',230),(38,'Gini Chinh, Phúc Ân',56,'1734162647913_tu-do-la-chinh-minh-b1_1.webp','2024-12-14 14:50:47.906000','Tự Do Là Chính Mình Trong Phiên Bản Hạnh Phúc Và Bình An Nhất\r\n\r\nCuốn sách Tự do là chính mình trong phiên bản hạnh phúc và bình an nhất của tác giả Gini Chinh – Phúc Ân là một hành trình tâm linh và phát triển bản thân đầy cảm hứng, giúp người đọc tìm lại sự bình an và hạnh phúc đích thực qua việc sống thật với chính mình. Với thông điệp mạnh mẽ rằng mỗi người đều có thể đạt được sự tự do và hạnh phúc từ chính bản thân mình, cuốn sách là người bạn đồng hành quý giá trên con đường khám phá và hoàn thiện bản thân.\r\n\r\nQua từng trang sách, tác giả chia sẻ những trải nghiệm và bài học sống động từ chính cuộc đời mình, nhấn mạnh rằng chỉ khi sống thật với bản thân, mỗi người mới có thể đạt được sự bình an nội tại và tìm thấy niềm vui trong từng khoảnh khắc. Cuốn sách không chỉ là một tác phẩm về lý thuyết mà còn là một nguồn năng lượng tích cực, giúp bạn bình tĩnh đối diện với những bất an và khó khăn trong cuộc sống, từ đó vươn tới một phiên bản hạnh phúc và bình an nhất của chính mình.\r\n\r\nLà “đứa con tinh thần” đầu tay, cuốn sách mang đậm dấu ấn cá nhân và tình cảm của tác giả, đồng thời cũng là lời nhắn nhủ từ trái tim của một người đã từng đi qua những thử thách và giờ đây muốn chia sẻ sự an yên mà mình đã tìm thấy. Cuốn sách sẽ là nguồn động viên, là một nguồn sáng dẫn lối cho những ai đang tìm kiếm sự bình an trong tâm hồn và hạnh phúc trong cuộc sống.\r\n\r\nHãy mở cuốn sách này ra và bạn sẽ tìm thấy sự đồng hành, những chia sẻ chân thành và nguồn năng lượng tích cực, giúp bạn không còn cảm thấy đơn độc trên hành trình của mình. Hãy là chính mình trong một phiên bản hạnh phúc và bình an nhất, bởi vì bạn là duy nhất!',152,120000,2024,'Văn Học',643,96000,'Tự Do Là Chính Mình Trong Phiên Bản Hạnh Phúc Và Bình An Nhất','2024-12-14 14:50:47.924000',23,'Bìa mềm','CÔNG TY TNHH SÁCH',170),(39,'Nguyên Ngọc',45,'1734162850528_8935235243057.webp','2024-12-14 14:54:10.526000','Các Bạn Tôi Ở Trên Ấy\r\n\r\nCác bạn tôi ở trên ấy tập hợp nhiều bài viết sâu sắc và hấp dẫn của nhà văn Nguyên Ngọc về Tây Nguyên, mà trước hết và chủ yếu là con người Tây Nguyên. Họ là những người sinh ra lớn lên, gắn cả đời với Tây Nguyên; họ là người từ xa lạ đến Tây Nguyên nhưng rồi thuộc về Tây Nguyên mãi mãi; họ, có danh hoặc vô danh, đã sống, lao động, hát, kể, múa, tạc tượng; họ sáng tạo và thực hành nghệ thuật mỗi ngày; họ quan sát và nghiên cứu; họ quanh năm suốt tháng ở buôn làng mình và bất chợt tan biến trong đại ngàn mênh mông... Họ làm cho Tây Nguyên thực sự là Tây Nguyên trong mọi không gian thời gian, trong lối sống, tính cách, trong các giá trị vật chất và văn hóa.\r\n\r\nNguyên Ngọc còn phát hiện, diễn giải nhiều vấn đề hệ trọng khác. Đó là rừng - thực thể tâm linh, cội nguồn văn hóa của Tây Nguyên. Đó là làng, đơn vị cơ bản và duy nhất trong xã hội Tây Nguyên. Đó là nhà rộng, đàn t’rưng, k’lông put, rượu cần, lửa, sử thi, akhan, lễ hội, đàn đá,... nghĩa là những gì Tây Nguyên nhất, nhưng lại đang có nguy cơ mai một nhất, hoặc bị hiểu sai, bị ứng xử một cách sơ sài và có phần tùy tiện nhất. Tây Nguyên, vì thế, là nơi ông đọc hiểu quá khứ, đau đáu nghĩ về, nhớ lại và cũng là nơi chờ đợi, hy vọng hiện tại biết tôn trọng, thông hiểu và giữ gìn, ít hay nhiều, một Tây Nguyên như đã từng.\r\n\r\nCác bạn tôi ở trên ấy, một tiếng nói gần nhất với tri thức bản địa, một quan sát kỹ lưỡng của chúng nhân, một thâm trầm và uyên bác của bậc hiền minh, sẽ thật cần thiết cho chúng ta trở về Tây Nguyên, khiến chúng ta được vỡ lẽ và ngẫm ngợi thường xuyên nhất về Tây Nguyên.',380,169000,2024,'Nhã Nam',875,143650,'Các Bạn Tôi Ở Trên Ấy','2024-12-14 14:54:10.542000',24,'Bìa mềm','Hội Nhà Văn',400),(40,'Nguyễn Phong Việt',66,'1734163079664_nxbtre_full_25582024_035803_1_2.webp','2024-12-14 14:57:59.656000','Chúng Ta Sống Để Bước Tiếp\r\n\r\nChúng ta sống để bước tiếp là hành trình tiếp nối Chúng ta sống để lắng nghe. Nghe để hiểu mình, hiểu người, hiểu những hữu hạn và vô định, hiểu những được và mất… Và để bước tiếp.\r\n\r\nVì rằng ai trong chúng ta rồi cũng đi đến điểm cuối hành trình – mà ở điểm cuối đó, theo Phong Việt, mọi vui buồn hờn giận, mọi mất mát đau thương, mọi vui cười hạnh phúc, đều chẳng còn ý nghĩa gì nữa. Vậy chúng ta cứ sống, và bước tiếp, bằng mọi nỗ lực hôm nay của mình, để mỗi ngày trôi qua đều thật tròn vẹn – dù chỉ là với chính mình.\r\n\r\nMột tập tản văn nhẹ nhàng, nhắc nhở chúng ta hãy trân trọng mỗi thời khắc còn hiện diện, và trân trọng chính sự hiện diện của mình ở đời này.\r\n\r\n“Vì chúng ta được làm người và vì chúng ta đã đến…\r\n\r\nChúng ta sẽ bước tiếp!”',192,80000,2024,'Trẻ',786,68000,'Chúng Ta Sống Để Bước Tiếp','2024-12-14 14:57:59.670000',24,'Bìa mềm','NXB Trẻ',400),(41,'Sim Yun-Kyung',97,'1734163257191_bia1_5.webp','2024-12-03 14:54:13.906000','Người Bà Tuyệt Vời Của Tôi\r\n\r\nTuy chưa từng được nghe bà nói rằng bà yêu tôi, nhưng tôi không bao giờ nghi ngờ về điều đó. Bởi tình yêu của bà chẳng thể nhìn thấy bằng mắt thường, tôi không hề nhận ra mình đã được bà cho đi nhiều như vậy. Kho báu mà bà tôi để lại chính là cách yêu thương và thể hiện tình yêu ấy đúng cách. Bà đã cho tôi một căn phòng nhỏ đầy bình yên, lấp đầy không gian nhỏ bé ấy bằng tình yêu thương thầm lặng, và tôi đã hít thở, lăn lộn trong tình yêu thương đó mà lớn lên. Nó sẽ sống mãi trong tim tôi và trở thành nơi trú ẩn mỗi khi tôi gặp sóng gió trên bước đường đời sau này.\r\n\r\nBà tôi đã làm tất cả những điều đó một cách âm thầm rồi lặng lẽ rời khỏi thế gian…\r\n\r\nTrích dẫn trong sách:\r\n\r\nTuy giờ đây bà không còn ở bên cạnh chúng tôi nữa, nhưng nụ cười của bà vẫn luôn lưu lại trong trái tim của tất cả mọi người.',208,119000,2024,'Dân Trí',432,95500,'Người Bà Tuyệt Vời Của Tôi','2024-12-14 15:01:01.726000',24,'Bìa mềm','AZ Việt Nam',220),(42,'Tớ Là Mây',34,'1734163713286_b1_g_i_-_c_u.webp','2024-12-14 15:08:33.280000','Gửi Cậu, Cậu Không Cô Đơn Trên Hành Trình Này Đâu\r\n\r\nBạn thân mến!\r\n\r\nMỗi chúng ta là một cá thể đặc biệt, chẳng ai giống ai, thế nên hành trình của mỗi người cũng là một màu sắc riêng, để rồi ghép lại trở thành một bức tranh nhân gian vô cùng sống động, muôn màu muôn vẻ.\r\n\r\nNhưng bạn biết không? Dù có là màu sắc gì chăng nữa thì hành trình đó của chúng ta cũng không hề đơn điệu một chút nào. Nếu là xanh, thì cũng sẽ có những sắc độ tươi trầm khác nhau, đại diện cho những người xuất hiện trong cuộc hành trình ấy; nếu là vàng, thì cũng sẽ có những màu vàng riêng biệt, đại diện cho những kỷ niệm, hay như một tia nắng trên cao, lặng lẽ âm thầm bước theo từng bước đi của bạn…\r\n\r\nVà có lẽ đó cũng chính là lý do mà Tớ Là Mây đã chắp bút đề tên cho cuốn sách đong đầy những yêu thương và sắc màu xúc cảm này là “Gửi Cậu, Cậu Không Cô Đơn Trên Hành Trình Này Đâu” – cùng với những chia sẻ về những trải nghiệm đắt giá mà bất cứ ai cũng đều phải trải qua trên bước đường trưởng thành, để nhắn nhủ đến từng người rằng: Cho dù bạn đang ở chặng nào của cuộc hành trình thì cũng sẽ luôn có nắng vàng rạng rỡ, những bông hoa ngọt ngào, thảm cỏ cây xanh mướt và một áng “Mây” xinh luôn đồng hành bên bạn, để bạn không cô đơn, để bạn không hoang mang mơ hồ trên bước đường trưởng thành đầy gai góc này.\r\n\r\n“Có người sẽ quên lãng, có người nguyện khắc ghi, có người luôn căm ghét và cũng có người chẳng muốn đối diện. Nhưng dù là ai đi chăng nữa, tớ luôn hy vọng rằng cậu sẽ sống thật tốt, có thể không vui vẻ, nhưng nhất định phải bình an. Và hãy nhớ rằng: Cậu không hề cô đơn trên hành trình này chút nào!”',176,89000,2023,'Dân Trí',765,75000,'Gửi Cậu, Cậu Không Cô Đơn Trên Hành Trình Này Đâu','2024-12-14 15:08:33.294000',24,'Bìa mềm','AZ Việt Nam',190),(43,'The Phan Tóc Quoăn',56,'1734163938632_2023_10_03_14_56_43_1-390x510.webp','2024-12-14 15:12:18.625000','Gửi Cậu Một Cái Ôm Vì Đã Không Bỏ Cuộc\r\n\r\nGiới thiệu tác giả\r\n\r\nTác giả The Phan Tóc Quoăn là một người thích dịch chuyển, luôn tha thiết yêu đời và sở hữu kênh insta \"the_phan\" thu hút hàng chục ngàn lượt theo dõi bởi sự tích cực và nguồn cảm hứng tràn đầy. Mỗi một hành trình và trải nghiệm trong cuộc sống đều được tác giả gói ghém lại trong từng trang sách.\r\n\r\nGiới thiệu nội dung sách\r\n\r\n>GỬI CẬU MỘT CÁI ÔM VÌ ĐÃ KHÔNG BỎ CUỘC\r\n\r\n- Cuốn sách chữa lành tâm hồn, giúp cậu thêm yêu bản thân và cuộc sống.\r\n\r\n- Cái ôm dịu dàng dành tặng cậu vì những nỗ lực và kiên cường mỗi ngày.\r\n\r\n- Mong rằng mỗi bước chân của cậu đều vui ca hạnh phúc!\r\n\r\n_____\r\n\r\nGửi đến cậu, những người đang loay hoay, bền bỉ nỗ lực từng ngày, để theo đuổi con đường mà mình đã chọn!\r\n\r\nNgười trẻ thế hệ mới tụi mình hầu như đều bị áp lực của xã hội, áp lực đồng trang lứa… đè nặng. Ở mỗi một độ tuổi, chúng ta lại có những mục tiêu “chuẩn mực” phải gồng mình hoàn thành:\r\n\r\n- 22 tuổi phải tốt nghiệp, tìm được việc làm.\r\n\r\n- 25 tuổi phải lập gia đình, phải sinh con.\r\n\r\n- 30 tuổi phải làm sếp, phải có nhà, có ô tô…\r\n\r\nChúng ta cứ thế mải mê trên hành trình đó, vừa mệt nhọc nỗ lực, vừa liên tục định vị xem bản thân đang ở đâu so với cuộc sống đầy thành tựu của những người xung quanh.\r\n\r\nNày cậu, cậu có mệt không? Nếu như cậu đang thấy mỏi mệt quá, thấy con đường mình đã chọn sao khó đi quá... Vậy thì hãy để cuốn sách \"Gửi cậu một cái ôm vì đã không bỏ cuộc” mang đến cho cậu đôi lời cổ vũ nhé.\r\n\r\nChậm rãi lật giở từng trang sách, cậu sẽ nhận ra rằng hóa ra cuộc sống này xinh đẹp và \"dễ thở\" hơn cậu nghĩ rất nhiều đó. Cậu có một công việc, giúp cậu trả hóa đơn mỗi ngày, để cố gắng, nỗ lực phát triển bản thân. Cậu có một nơi để về sau hàng giờ vật lộn với đủ thứ trách nhiệm, để thả lỏng cơ thể và làm những điều mà cậu yêu thích. Cậu còn có những người để yêu thương, những bạn đồng hành, cùng cậu lắng nghe và sẻ chia vui buồn trong cuộc sống…\r\n\r\nMọi trải nghiệm, mọi hành trình đều là phép thử, mà phép thử thì không cần phải đúng ngay lần đầu tiên. Vậy nên hãy xem mọi phép thử là từng điểm mốc để chạm tới ước mong, để cậu có thể tự hào về bản thân vì đã luôn kiên cường không bỏ cuộc.',256,96000,2023,'Hà Nội',375,76000,'Gửi Cậu Một Cái Ôm Vì Đã Không Bỏ Cuộc','2024-12-14 15:12:18.639000',24,'Bìa mềm','Công Ty Cổ Phần Time Books',270),(44,'Sơn Tùng',65,'1734164115084_bup_sen_xanh_bia_phien_ban_ky_niem_2020.webp','2024-12-14 15:15:15.081000','Có thể xếp “Búp Sen Xanh” vào nhóm tác phẩm văn học dành cho thiếu nhi và là tác phẩm nổi tiếng nhất viết về chủ tịch Hồ Chí Minh trong suốt thời thơ ấu cho đến khi rời Việt Nam sang Pháp.\r\n\r\n“Búp Sen Xanh” là nơi tiểu thuyết và lịch sử đã gặp nhau và hoạ nên một giai đoạn trong cuộc đời người Cha già của dân tộc Việt Nam. Nơi ấy, có quê nhà xứ Nghệ, có làng Sen, có khung dệt của mẹ, có lời dạy của cha, có những người bạn và những kỷ niệm ấu thơ. Nơi ấy có xứ Huế mà trong cuộc sống nghèo khổ có trăn trở tuổi trẻ, về con người, về vận mệnh dân tộc, có mất mát và đau thương...\r\n\r\n“Búp Sen Xanh” vượt ra ngoài những giới hạn của một tác phẩm thiếu nhi, có thể làm bất kỳ ai rung động đến rơi nước mắt trong đêm chia ly, khi người con từ biệt cha ra đi để tìm một con đường cho chính mình và cho dân tộc. Một phần cuộc đời, trọn vẹn lý tưởng và dấn thân... Búp Sen Xanh không chỉ là câu chuyện về lãnh tụ mà còn là câu chuyện để làm người.',364,72000,2020,'NXB Kim Đồng',476,57000,'Búp Sen Xanh (Tái Bản 2020)','2024-12-14 15:15:15.097000',25,'Bìa mềm','Nhà Xuất Bản Kim Đồng',380),(45,'Antoine de Saint-Exupéry',42,'1734164281927_bia_1_5_5.webp','2024-12-14 15:18:01.920000','Hoàng Tử Bé (Song Ngữ Việt-Anh)\r\n\r\nHoàng tử bé được xuất bản lần đầu năm 1943 của nhà văn, phi công người Pháp Antoine de Saint-exupéry là một trong những cuốn tiểu thuyết kinh điển nổi tiếng nhất mọi thời đại. Câu chuyện ngắn gọn về cuộc gặp gỡ diệu kỳ giữa viên phi công bị rơi máy bay và Hoàng tử bé giữa sa mạc Sa-ha-ra hoang vu. Hành tinh quê hương và các mối quan hệ của hoàng tử bé dần hé lộ: Tình bạn, tình yêu thương của Hoàng tử bé dành cho bông hồng duy nhất, tình cảm sâu sắc dành cho chú cáo.\r\n\r\nKhông những vậy, thông qua các cuộc gặp gỡ trong chuyến du ngoạn tới các hành tinh khác nhau của hoàng tử bé cũng chứa đựng triết lý nhân sinh sâu sắc về các kiểu người trong xã hội hiện đại.\r\n\r\nThật không ngoa khi khẳng định, mỗi câu chữ trong cuốn sách này đều đầy triết lý và mỗi người, mỗi lứa tuổi và mỗi hoàn cảnh khi đọc sẽ có những cảm nhận riêng.\r\n\r\nThành tích\r\n\r\nTính đến nay, tác phẩm Hoàng tử bé (Le Petit Prince) đã được dịch sang 300 ngôn ngữ, trở thành cuốn sách được chuyển thể ra nhiều ngôn ngữ nhất trên thế giới chỉ sau Kinh Thánh. Với hàng trăm triệu bản in trên toàn thế giới, Hoàng tử bé được coi là một trong những tác phẩm bán chạy nhất của nhân loại và vẫn tiếp tục được xuất bản hằng năm với rất nhiều phiên bản khác nhau.\r\n\r\nCuốn sách thiếu nhi có kèm truyện tranh độc đáo với phiên bản truyện song ngữ Anh Việt giúp các em nhỏ học tiếng Anh, giải trí, tăng vốn từ vựng, rèn luyện EQ, IQ. Có thể coi đây là cuốn sách vượt xa các cuốn sách đương thời như: Harry Potter, Nhóc Nicolas, Kính vạn hoa, Lũ trẻ hư nhất quả đất, Chuyện con mèo dạy hải âu bay...\r\n\r\nCuốn sách được xếp vào top 100 cuốn sách hay nhất thế kỷ XX.\r\n\r\nĐiểm khác biệt của phiên bản song ngữ Việt-Anh này so với các phiên bản khác có trên thị trường:\r\n\r\nPhần tiếng Anh là bản dịch của Katherine Wood – một bản dịch vô cùng được yêu thích bởi những người nói tiếng Anh trên khắp thế giới.\r\n\r\nĐây là phiên bản Hoàng tử bé song ngữ Anh-Việt duy nhất có kết hợp chọn từ vựng tiếng Anh giúp các em nhỏ học tiếng Anh, giải trí, tăng vốn từ vựng với những đoạn hội thoại đậm chất văn học, nuôi dưỡng và rèn luyện trí thông mình cảm xúc (EQ) và cảm nhận tác phẩm kinh điển này bằng cả hai thứ tiếng.\r\n\r\nTrình bày song song hai ngôn ngữ giúp học tiếng Anh (hoặc người nước ngoài học tiếng Việt) một cách dễ dàng cùng phần ghi chú từ vựng vô cùng sáng tạo, độc đáo.\r\n\r\nSách song ngữ nhưng giá bìa không hề cao hơn sách tiếng Việt, còn được tặng kèm link download phiên bản audio cho các độc giả muốn nghe truyện bằng tiếng Anh.',200,79000,2023,'Văn Học',457,55000,'Hoàng Tử Bé (Song Ngữ Việt-Anh)','2024-12-14 15:18:01.940000',25,'Bìa mềm','Công ty TNHH Sách Hà Giang',200),(46,'Hà Minh',87,'1734164586200_8936067608298_1.webp','2024-12-14 15:23:06.193000','Tuyển Tập Truyện Cổ Tích Việt Nam Dành Cho Thiếu Nhi\r\n\r\nTrong kho tàng văn học dân gian Việt Nam, truyện cổ tích có vai trò vô cùng quan trọng, phản ánh nhiều mặt về tư tưởng, thái độ, tình cảm của nhân dân ta trong suốt chiều dài lịch sử. Trải qua nhiều thế hệ truyền miệng trong dân gian, truyện cổ tích trở nên gần gũi và quen thuộc với tuỏi thơ của mỗi chúng ta. Những câu chuyện mà ông bà, cha mẹ kể trong những năm tháng tuổi thơ sẽ giúp chúng ta lớn lên biết cảm nhận cái đẹp, cái thiện trong cuộc sống.\r\n\r\nBước vào thế giới của những câu chuyện cổ tích, các bạn nhỏ không chỉ thỏa mãn được nhu cầu khám phá, tìm hiểu về đời sống cha ông từ thuở xưa mà còn rút ra nhiều bài học ý nghĩa về cuộc sống, tình yêu thương và lòng nhân ái.\r\n\r\nTrong cuốn sách này có:\r\n\r\nGần 100 truyện cổ tích thú vị của Việt Nam\r\n\r\nCâu chuyện được tóm tắt ngắn gộn chỉ trong 2 trang, dễ đọc mà vẫn đảm bảo đầy đủ nội dung\r\n\r\nBài học bổ ích đi kèm mỗi câu chuyện\r\n\r\nMinh họa sinh động',200,125000,2023,'Văn Học',867,93700,'Tuyển Tập Truyện Cổ Tích Việt Nam Dành Cho Thiếu Nhi','2024-12-14 15:23:06.214000',25,'Bìa mềm','Minh Long',440),(47,'Clint Emerson',64,'1734164721704_2021_02_25_16_03_44_1-390x510.webp','2024-12-14 15:25:21.697000','Bạn sẽ làm gì nếu như một ngày bị mắc kẹt giữa vùng lãnh thổ có dịch bệnh hoành hành, lạc ở nơi hoang dã, bị móc túi khi đi du lịch ở đất nước xa lạ, hay phải thoát ngay khỏi một vụ hỏa hoạn ở nhà cao tầng… ? Clint Emerson – một cựu Đặc vụ SEAL, lực lượng tác chiến đặc biệt của Hải quân Hoa Kỳ – muốn bạn có được sự chuẩn bị tốt nhất trong cuốn sách 100 kỹ năng sinh tồn này.\r\n\r\nRõ ràng, chi tiết và được trình bày dễ hiểu, cuốn sách này phác thảo chi tiết nhiều chiến lược giúp bảo vệ bạn và những người bạn yêu thương, dạy bạn cách suy nghĩ và hành động như một thành viên của lực lượng quân đội tinh nhuệ Hoa Kỳ. 100 kỹ năng sinh tồn thực sự là cuốn cẩm nang vô giá. Bởi lẽ, khi nguy hiểm xảy ra, bạn chẳng có nhiều thời gian cho những chỉ dẫn phức tạp đâu.\r\n\r\n-----\r\n\r\nTác giả\r\n\r\nClint Emerson là một cựu Đặc vụ SEAL, ông đã dành hai mươi năm chỉ đạo những chiến dịch đặc biệt trên khắp thế giới trong lúc còn gắn bó với Đội Ba SEAL, Cơ quan An ninh Quốc gia Hoa Kỳ (NSA), và Đội Sáu SEAL tinh nhuệ. Tốt nghiệp trường Đại học Quân sự Hoa Kỳ ở Virginia với tấm bằng cử nhân về Quản lý An ninh, Clint Emerson đã dành nhiều năm trong lực lượng tác chiến đặc biệt này với một Đơn vị Nhiệm vụ Đặc biệt SMU, phát triển và thực hiện các kỹ năng chuyên môn để hỗ trợ các hoạt động trong những môi trường khắc nghiệt khác nhau nhằm vào các cá nhân xuất sắc. Là một chuyên gia giám sát và chống khủng bố, Clint Emerson đã nhận được rất nhiều giải thưởng cho lòng dũng cảm và sự lãnh đạo của mình.\r\n\r\nClint Emerson là người sáng lập của Escape the Wolf, một công ty tập trung vào phòng ngừa và ứng phó với bạo lực tại nơi làm việc, xác định các mối đe dọa và kiểm soát khủng hoảng. Là tác giả của cuốn sách bán chạy của New York Times có tên 100 kỹ năng sinh tồn, Clint Emerson tiếp tục lập danh sách các kỹ năng tự vệ trong lúc phát triển những sản phẩm và công cụ độc đáo, có độ bền cao, cho sự an toàn của cá nhân và gia đình.',272,99000,2020,'NXB Thanh Niên',735,75000,'100 Kỹ Năng Sinh Tồn','2024-12-14 15:25:21.716000',25,'Bìa mềm','Đinh Tị',300),(48,'Sai Lei',54,'1734164982180_2024_06_01_11_37_36_1-390x510.webp','2024-12-14 15:29:42.171000','Iceland dân số ít ỏi mà dám đọ sức với Anh? Na Uy in hình con cá ướp muối lên tờ tiền? Anh có thật là đế quốc mặt trời không bao giờ lặn? Đan Mạch là vương quốc mộng ảo còn Hà Lan là đất nước của tự do thực sự? Bỉ từng được giải cứu nhờ bãi nước tiểu của một cậu bé? Thụy Sĩ siêu giàu có nhờ trung lập, Ý chỉ quan tâm tận hưởng cuộc sống? Ai Cập thích xây kim tự tháp, Nam Phi nằm ở châu Phi nhưng lại từng kỳ thị người da đen, Argentina mê bóng đá hơn kiếm tiền…?\r\n\r\nNhân cách hóa, bỏ qua những chi tiết rườm rà, sử dụng ngôn ngữ hài hước dí dỏm cô đọng lại con đường phát triển của các quốc gia, Sai Lei qua góc nhìn có phần “lầy lội” của mình sẽ đem đến cho bạn đọc cách tiếp cận lịch sử thế giới hết sức mới mẻ, gần gũi và dễ hiểu.\r\n\r\nTÁC GIẢ:\r\n\r\nSai Lei\r\nTác giả chuyên mục lịch sử “Sai Lei ba phút” trên Zhihu với hơn một trăm nghìn lượt theo dõi.\r\nTác phẩm tiêu biểu: Sai Lei ba phút - Truyện tranh sử Trung Quốc, Sai Lei ba phút - Truyện tranh lược sử nhân loại…',280,215000,2021,'NXB Dân Trí',736,161500,'Tiểu Sử Các Quốc Gia Qua Góc Nhìn Lầy Lội','2024-12-14 15:29:42.192000',25,'Bìa mềm','Nhã Nam',420),(49,'Audrey Bouquet',54,'1734165167938_8935212357494.webp','2024-12-14 15:32:47.931000','Đối với nhiều bậc phụ huynh, hướng dẫn trẻ từ 3-9 tuổi biểu lộ cảm xúc một cách lành mạnh, đúng mực, không cư xử ích kỷ, hờn dỗi, quậy phá là một thử thách thật sự. Liệu có cách nào hiệu quả để giúp các em hiểu rõ những cảm xúc hết sức tự nhiên đang xuất hiện trong lòng, từng bước điều hòa và bày tỏ chúng theo cách có lợi nhất cho sức khỏe tinh thần của mình?\r\n\r\nĐể trả lời câu hỏi đó, Đinh Tị Books xin giới thiệu với bạn đọc bộ sách EQ-IQ giúp trẻ làm chủ cảm xúc được tác giả người Pháp Audrey Bouquet viết theo phương pháp tâm thể (sophrology) rất phổ biến ở châu Âu. Bộ sách gồm 8 cuốn với minh họa dễ thương sẽ kể cho các em nghe câu chuyện của bạn Mèo con ngộ nghĩnh, lồng ghép vào đó những bài học, lời khuyên và giải pháp để các em biết cách đối diện với nỗi sợ, nỗi lo lắng, cơn giận, niềm vui cũng như nhiều cảm xúc khác nữa.\r\n\r\nVề hai tác giả của bộ sách\r\n\r\n- Tác giả Audrey Bouquet vốn là một nhà khoa học. Bà học chuyên ngành sinh học và dinh dưỡng học, sau đó được đào tạo về phương pháp tâm thể. Cơ duyên thú vị khiến bà đến với sách thiếu nhi bắt nguồn từ chính những đứa con của bà. Từ đây, bà bắt đầu kết hợp kiến thức khoa học vào những câu chuyện thú vị và ngộ nghĩnh, giúp trẻ ứng xử phù hợp với cảm xúc của mình và với thế giới xung quanh. Qua từng trang sách, ta có thể thấy sự yêu thương, tận tâm và mong ước đồng hành cùng các bạn nhỏ trên con đường trưởng thành của Audrey Bouquet.\r\n\r\n- Fabien Öckto Lambert là họa sĩ minh họa, từng học truyền thông thị giác tại trường Brassart de Tours. Ông có nhiều tác phẩm tham dự những cuộc triển lãm và có khoảng 10 năm kinh nghiệm trong lĩnh vực đồ họa và mỹ thuật. Hiện ông đang hợp tác với nhiều tác giả để vẽ minh họa cho những dự án sách thiếu nhi. Ông chia sẻ: “Tranh vẽ của tôi được dành cho thiếu nhi nhưng tôi hy vọng nó cũng thắp nên niềm vui trong trái tim người lớn”. Thật vậy, trong bộ sách EQ-IQ giúp trẻ làm chủ cảm xúc, những minh họa của Lambert rất ấn tượng, tập trung vào biểu cảm chân thực của những chú mèo, đem tới muôn vàn hứng thú cho độc giả nhí.',28,32000,2022,'Thanh Niên',654,25000,'EQ - IQ Giúp Trẻ Làm Chủ Cảm Xúc - Cáu Giận','2024-12-14 15:32:47.945000',25,'Bìa mềm','Đinh Tị',100),(50,'Nhiều Tác Giả',2,'1734165949751_atlat_1.webp','2024-12-14 15:45:49.744000','Atlat Địa lí Việt Nam (Theo Chương Trình Giáo Dục Phổ Thông 2018)\r\n\r\nBản đồ là phương tiện giảng dạy và học tập điạ lý không thể thiếu trong nhà trường phổ thông. Cùng với sách giáo khoa, Atlat địa lí Việt Nam là nguồn cung cấp kiến thức, thông tin tổng hợp và hệ thống giúp giáo viên đổi mới phương pháp dạy học, hỗ trợ học.\r\n\r\nĐể đáp ứng nhu cầu bức thiết đó, NXB Giáo dục Việt Nam trân trọng giới thiệu tập Atlat địa lý Việt Nam gồm 21 bản đồ, được in màu rõ nét, liên quan đến các lĩnh vực kinh tế - xã hội. Các bản đồ được xây dựng theo nguồn số liệu của Nhà xuất bản thống kê - Tổng cục thống kê. Đây là tài liệu được phép mang vào phòng thi tốt nghiệp THPT môn Địa lý do Bộ Giáo dục và Đào tạo quy định.\r\n\r\nNội dung gồm có:\r\n\r\n1. Kí hiệu chung\r\n\r\n2. Hành chính 3. Hình thể\r\n\r\n4. Địa khoáng sản\r\n\r\n5. Khí hậu\r\n\r\n6. Các hệ thống sông\r\n\r\n7. Các nhóm và các loại đât chính\r\n\r\n8. Thực vật và động vật\r\n\r\n9. Các miền tự nhiên\r\n\r\n10. Dân số\r\n\r\n11. Dân tộc\r\n\r\n12. Kinh tế chung\r\n\r\n13. Nông nghiệp chung\r\n\r\n14. Lâm nông và thuỷ sản\r\n\r\n15. Công nghiệp chung\r\n\r\n16. Các ngành công nghiệp trọng điểm\r\n\r\n17. Giao thông\r\n\r\n18. Thương mại\r\n\r\n19. Du lịch\r\n\r\n20. Vùng trunh du và miền núi Bắc Bộ, vùn Đồng Bằng Sông Hồng\r\n\r\n21. Vùng Bắc Trung Bộ\r\n\r\n22. Vùng Duyên Hải Nam Trung Bộ, Vùng Tây Nguyên\r\n\r\n24. Vùng Đông Nam Bộ, Vùng Đồng Bằng Sông Cửu Long\r\n\r\n25. Các vùng kinh tế trọng điểm\r\n\r\nNgoài ra, NXB Giáo dục Việt Nam đã biên soạn cuốn “Hướng dẫn sử dụng Atlat Địa lý Việt Nam” dùng cho học sinh THCS và THPT, ôn tập thi tốt nghiệp THPT, thi ĐH, CĐ và ôn luyện thi học sinh giỏi quốc gia.\r\n\r\nNội dung sách gồm ba phần:\r\n\r\nPhần 1: Một số kiến thức về phương pháp sử dụng bản đồ giáo khoa;\r\n\r\nPhần 2: Giới thiệu về Atlat Địa lý Việt Nam.\r\n\r\nPhần 3: Hướng dẫn sử dụng Atlat Địa lý Việt Nam.',178,31000,2024,'Đại Học Quốc Gia Hà Nội',699,27900,'Atlat Địa lí Việt Nam (Theo Chương Trình Giáo Dục Phổ Thông 2018) (2024)','2024-12-14 15:45:49.761000',27,'Bìa mềm','Cty Sách & VHP Quảng Lợi',190),(51,'Lâm Minh Chánh',44,'1734166120403_2023_05_09_16_33_56_1-390x510.webp','2024-12-14 15:48:40.396000','Tài Chính Cá Nhân Dành Cho Người Việt Nam\r\n\r\nCuốn sách “Tài chính cá nhân dành cho người Việt Nam” và bộ bài giảng trực tuyến tặng kèm, gồm tất cả những nội dung về tài chính cá nhân.\r\n\r\nKiếm tiền: Khi còn thể làm việc, chúng ta cần kiếm tiền, tạo ra thu nhập với \"công suất\" lớn nhất.\r\n\r\nTiết kiệm tiền, sử dụng tiền: Chúng ta phải quản lý tiền hiệu quá, sử dụng tiền khôn ngoan. Đặc biệt, chúng ta phải tiết kiệm trước khi sử dụng.\r\n\r\nBảo vệ tiền: Chúng ta phải biết bảo vệ tiền sự mất mát của tiền trước những rủi ro.\r\n\r\nĐầu tư tiền: Tiền phải sinh ra tiền. Chúng ta phải đầu tư để tiền tăng trưởng và đạt được mục tiêu tài chính cá nhân.\r\n\r\nMục tiêu tài chính cá nhân: An toàn, Đảm bảo, Độc lập, và Tự do tài chính\r\n\r\nCuốn Sách Dành Cho:\r\n\r\nNhững người làm công: Quản lý, nhân viên\r\n\r\nNhững người làm tự do, Freelance\r\n\r\nNhững người làm chủ doanh nghiệp\r\n\r\nNhững nhà đầu tư\r\n\r\nVà hầu hết mọi người quan tâm đến tiền bạc, tài chính.\r\n\r\nCuốn sách gồm 5 phần chính:\r\n\r\nMục tiêu tài chính cá nhân\r\n\r\nKiếm tiền\r\n\r\nTiết kiệm tiền, sử dụng tiền\r\n\r\nBảo vệ tiền\r\n\r\nĐầu tư tiền.\r\n\r\nSách đề cập đến hầu hết các kiến thức về tài chính, đầu tư dành cho cá nhân. Và sách được viết với phong cách, ngôn ngữ “bình dân” để hầu hết ai cũng có thể đọc và hiểu.',235,199000,2023,'Phụ Nữ Việt Nam',765,149000,'Tài Chính Cá Nhân Dành Cho Người Việt Nam (Tái Bản 2023)','2024-12-14 15:48:40.415000',28,'Bìa mềm','BIZUNI',389),(52,'BS Trần Thị Huyên Thảo',23,'1734166386549_2020_06_18_11_00_18_1-390x510.webp','2024-12-14 15:53:06.546000','\"Chào con! Ba mẹ đã sẵn sàng!\" - Cuốn sách không chỉ được viết trên nền tảng khoa học của một bác sĩ mà còn chứa chan tình yêu của một người mẹ.\r\n\r\nChắc chắn bạn cũng sẽ cảm nhận được những điểm hay và thực tế trong quyển sách này, từ nền tảng khoa học vững chắc cho đến kiến thức chăm sóc trẻ mới nhất, và nhất là phù hợp với hoàn cảnh của Việt Nam.',224,95000,2020,'NXB Trẻ',365,73000,'Chào Con! Ba Mẹ Đã Sẵn Sàng (Tái Bản 2020)','2024-12-14 15:53:06.560000',29,'Bìa mềm','NXB Trẻ',250),(53,'Nguyễn Thị Xuân Phượng',34,'1734166759216_9786043779851_1_1.jpg','2024-12-14 15:59:19.210000','Gánh Gánh Gồng Gồng\r\n\r\nGánh Gánh... Gồng Gồng...\r\n\r\nCuốn hồi ký gồm những câu chuyện về những thăng trầm cuộc đời của bà Nguyễn Thị Xuân Phượng từ năm 1945. Vào những năm 1967, khi đang là bác sĩ công tác tại Ủy ban Liên lạc văn hóa với người nước ngoài, do giỏi tiếng Pháp, bà Nguyễn Thị Xuân Phượng được Chủ tịch Hồ Chí Minh giao trọng trách chăm sóc sức khỏe cho vợ chồng đạo diễn người Hà Lan Joris Ivens và Marceline Loridan khi họ làm phim tại Vĩnh Linh. Cơ duyên này đã tạo nên bước ngoặt, khiến bà quyết định trở thành nữ đạo diễn phim tài liệu. Năm 1968, bà trở thành nữ đạo diễn, phóng viên chiến trường duy nhất ở Việt Nam làm việc tại Phòng Truyền hình, tiền thân của Đài truyền hình Việt Nam bây giờ. Bà đã thực hiện hàng loạt phim tài liệu mang tính thời sự, phản ánh những sự kiện chiến sự tại chiến trường Campuchia, biên giới phía bắc, và là một trong những phóng viên đầu tiên vào Dinh Độc lập theo trung đoàn xe tăng vào ngày 30.4.1975…',343,160000,2024,'Tổng Hợp Thành Phố Hồ Chí Minh',565,128000,'Gánh Gánh Gồng Gồng (Tái Bản 2024)','2024-12-14 15:59:19.228000',30,'Bìa mềm','NXB Tổng Hợp TPHCM',555);
/*!40000 ALTER TABLE `books` ENABLE KEYS */;
UNLOCK TABLES;

--
-- Table structure for table `categories`
--

DROP TABLE IF EXISTS `categories`;
/*!40101 SET @saved_cs_client     = @@character_set_client */;
/*!50503 SET character_set_client = utf8mb4 */;
CREATE TABLE `categories` (
  `id` bigint NOT NULL AUTO_INCREMENT,
  `created_at` datetime(6) DEFAULT NULL,
  `description` tinytext,
  `name` varchar(255) DEFAULT NULL,
  `updated_at` datetime(6) DEFAULT NULL,
  PRIMARY KEY (`id`)
) ENGINE=InnoDB AUTO_INCREMENT=31 DEFAULT CHARSET=utf8mb4 COLLATE=utf8mb4_0900_ai_ci;
/*!40101 SET character_set_client = @saved_cs_client */;

--
-- Dumping data for table `categories`
--

LOCK TABLES `categories` WRITE;
/*!40000 ALTER TABLE `categories` DISABLE KEYS */;
INSERT INTO `categories` VALUES (23,'2024-11-30 02:40:43.570000','Tâm lý - Kỹ năng sống','Tâm lý - Kỹ năng sống','2024-11-30 02:40:43.571000'),(24,'2024-11-30 03:02:57.572000','Truyện ngắn - Tản Văn','Truyện ngắn - Tản Văn','2024-11-30 03:02:57.572000'),(25,'2024-12-03 14:46:12.061000','Sách thiếu nhi','Sách thiếu nhi','2024-12-03 14:46:12.061000'),(26,'2024-12-03 14:46:38.562000','Sách học ngoại ngữ','Sách học ngoại ngữ','2024-12-03 14:46:38.562000'),(27,'2024-12-03 14:47:24.368000','Sách giáo khoa - tham khảo','Sách giáo khoa - tham khảo','2024-12-03 14:47:24.368000'),(28,'2024-12-03 14:47:44.896000','Sách kinh tế','Sách kinh tế','2024-12-03 14:47:44.896000'),(29,'2024-12-03 14:48:23.814000','Nuôi dạy con','Nuôi dạy con','2024-12-03 14:48:23.814000'),(30,'2024-12-03 14:48:35.362000','Tiểu sử - hồi ký','Tiểu sử - hồi ký','2024-12-03 14:49:12.601000');
/*!40000 ALTER TABLE `categories` ENABLE KEYS */;
UNLOCK TABLES;

--
-- Table structure for table `contacts`
--

DROP TABLE IF EXISTS `contacts`;
/*!40101 SET @saved_cs_client     = @@character_set_client */;
/*!50503 SET character_set_client = utf8mb4 */;
CREATE TABLE `contacts` (
  `id` bigint NOT NULL AUTO_INCREMENT,
  `created_at` datetime(6) DEFAULT NULL,
  `email` varchar(255) DEFAULT NULL,
  `message` tinytext,
  `name` varchar(255) DEFAULT NULL,
  `subject` varchar(255) DEFAULT NULL,
  PRIMARY KEY (`id`)
) ENGINE=InnoDB AUTO_INCREMENT=15 DEFAULT CHARSET=utf8mb4 COLLATE=utf8mb4_0900_ai_ci;
/*!40101 SET character_set_client = @saved_cs_client */;

--
-- Dumping data for table `contacts`
--

LOCK TABLES `contacts` WRITE;
/*!40000 ALTER TABLE `contacts` DISABLE KEYS */;
INSERT INTO `contacts` VALUES (13,'2024-11-30 03:19:33.431000','trunghieuot8423@gmail.com','hỏi','VUONG TIEN TRUNG HIEU','reg'),(14,'2024-12-09 02:29:17.731000','typnmusic84@gmail.com','ahihi','VUONG TIEN TRUNG HIEU','reg');
/*!40000 ALTER TABLE `contacts` ENABLE KEYS */;
UNLOCK TABLES;

--
-- Table structure for table `favorite_items`
--

DROP TABLE IF EXISTS `favorite_items`;
/*!40101 SET @saved_cs_client     = @@character_set_client */;
/*!50503 SET character_set_client = utf8mb4 */;
CREATE TABLE `favorite_items` (
  `user_id` bigint NOT NULL,
  `book_id` bigint NOT NULL,
  PRIMARY KEY (`user_id`,`book_id`),
  KEY `FKs1yca81dorngc60k46sm5pvea` (`book_id`),
  CONSTRAINT `FKmcicth3vly9ytekmo9es5vtri` FOREIGN KEY (`user_id`) REFERENCES `users` (`id`),
  CONSTRAINT `FKs1yca81dorngc60k46sm5pvea` FOREIGN KEY (`book_id`) REFERENCES `books` (`id`)
) ENGINE=InnoDB DEFAULT CHARSET=utf8mb4 COLLATE=utf8mb4_0900_ai_ci;
/*!40101 SET character_set_client = @saved_cs_client */;

--
-- Dumping data for table `favorite_items`
--

LOCK TABLES `favorite_items` WRITE;
/*!40000 ALTER TABLE `favorite_items` DISABLE KEYS */;
INSERT INTO `favorite_items` VALUES (1,25);
/*!40000 ALTER TABLE `favorite_items` ENABLE KEYS */;
UNLOCK TABLES;

--
-- Table structure for table `order_details`
--

DROP TABLE IF EXISTS `order_details`;
/*!40101 SET @saved_cs_client     = @@character_set_client */;
/*!50503 SET character_set_client = utf8mb4 */;
CREATE TABLE `order_details` (
  `book_id` bigint NOT NULL,
  `order_id` bigint NOT NULL,
  `price` double DEFAULT NULL,
  `quantity` int DEFAULT NULL,
  PRIMARY KEY (`book_id`,`order_id`),
  KEY `FKjyu2qbqt8gnvno9oe9j2s2ldk` (`order_id`),
  CONSTRAINT `FKjqe04yonp6a52rhbf2y0m03qw` FOREIGN KEY (`book_id`) REFERENCES `books` (`id`),
  CONSTRAINT `FKjyu2qbqt8gnvno9oe9j2s2ldk` FOREIGN KEY (`order_id`) REFERENCES `orders` (`id`)
) ENGINE=InnoDB DEFAULT CHARSET=utf8mb4 COLLATE=utf8mb4_0900_ai_ci;
/*!40101 SET character_set_client = @saved_cs_client */;

--
-- Dumping data for table `order_details`
--

LOCK TABLES `order_details` WRITE;
/*!40000 ALTER TABLE `order_details` DISABLE KEYS */;
INSERT INTO `order_details` VALUES (25,14,57500,14),(25,15,57500,19),(25,16,57500,1),(25,19,57500,1),(26,17,105000,1),(26,18,105000,1),(27,18,76500,1),(27,26,76500,2),(27,27,76500,2),(27,28,76500,2),(27,29,76500,2),(27,30,76500,2),(27,31,76500,2),(27,32,76500,2),(27,33,76500,2),(27,34,76500,2),(27,35,76500,2),(30,20,44000,1),(30,21,44000,1),(31,21,113000,1),(32,21,45000,1),(32,23,45000,1),(40,21,68000,13),(40,24,68000,1),(40,46,68000,2),(40,47,68000,2),(40,48,68000,2),(40,49,68000,2),(40,50,68000,2),(40,51,68000,2),(40,52,68000,2),(40,53,68000,2),(40,54,68000,2),(40,55,68000,2),(41,36,95500,1),(41,37,95500,1),(41,38,95500,2),(41,39,95500,1),(41,40,95500,1),(41,41,95500,1),(41,42,95500,1),(41,43,95500,1),(41,44,95500,1),(41,45,95500,1),(51,25,149000,11),(52,22,73000,1),(53,56,128000,4),(53,57,128000,4),(53,58,128000,4),(53,59,128000,4),(53,60,128000,4),(53,61,128000,4),(53,62,128000,4),(53,63,128000,4),(53,64,128000,4),(53,65,128000,4);
/*!40000 ALTER TABLE `order_details` ENABLE KEYS */;
UNLOCK TABLES;

--
-- Table structure for table `orders`
--

DROP TABLE IF EXISTS `orders`;
/*!40101 SET @saved_cs_client     = @@character_set_client */;
/*!50503 SET character_set_client = utf8mb4 */;
CREATE TABLE `orders` (
  `id` bigint NOT NULL AUTO_INCREMENT,
  `created_at` datetime(6) DEFAULT NULL,
  `email_address` varchar(255) DEFAULT NULL,
  `payment_method` varchar(255) DEFAULT NULL,
  `phone_number` varchar(255) DEFAULT NULL,
  `reciever` varchar(255) DEFAULT NULL,
  `shipping_address` varchar(255) DEFAULT NULL,
  `status` varchar(255) DEFAULT NULL,
  `total_price` double DEFAULT NULL,
  `user_id` bigint DEFAULT NULL,
  `updated_at` datetime(6) DEFAULT NULL,
  PRIMARY KEY (`id`),
  KEY `FK32ql8ubntj5uh44ph9659tiih` (`user_id`),
  CONSTRAINT `FK32ql8ubntj5uh44ph9659tiih` FOREIGN KEY (`user_id`) REFERENCES `users` (`id`)
) ENGINE=InnoDB AUTO_INCREMENT=66 DEFAULT CHARSET=utf8mb4 COLLATE=utf8mb4_0900_ai_ci;
/*!40101 SET character_set_client = @saved_cs_client */;

--
-- Dumping data for table `orders`
--

LOCK TABLES `orders` WRITE;
/*!40000 ALTER TABLE `orders` DISABLE KEYS */;
INSERT INTO `orders` VALUES (14,'2024-12-08 16:14:07.968000','trunghieuot8423@gmail.com','COD','0393918423','VUONG TIEN TRUNG HIEU','Mỹ Quang, Thăng Long, Nông Cống, Thanh Hóa','CANCELLED',805000,1,'2024-12-08 16:57:18.480000'),(15,'2024-12-08 20:53:30.089000','trunghieuot8423@gmail.com','COD','0393918423','VUONG TIEN TRUNG HIEU','Mỹ Quang, Thăng Long, Nông Cống, Thanh Hóa','DELIVERED',1092500,1,'2024-12-10 01:14:45.037000'),(16,'2024-12-09 02:46:07.741000','trunghieuot8423@gmail.com','COD','0393918423','VUONG TIEN TRUNG HIEU','','DELIVERED',57500,1,'2024-12-10 01:14:29.825000'),(17,'2024-12-09 15:06:42.838000','trunghieuot8423@gmail.com','COD','0393918423','VUONG TIEN TRUNG HIEU','tdxfcfc','DELIVERED',105000,1,'2024-12-10 02:01:09.323000'),(18,'2024-12-10 02:09:01.193000','trunghieuot8423@gmail.com','COD','0393918423','VUONG TIEN TRUNG HIEU','Mỹ Quang, Thăng Long, Nông Cống, Thanh Hóa','PENDING',181500,1,'2024-12-14 02:09:01.193000'),(19,'2024-12-10 03:29:09.294000','hieu9999@gmail.com','COD','0391112223','Trung hiếu','Nông Cống','DELIVERED',57500,21,'2024-12-14 03:29:32.206000'),(20,'2024-12-10 13:51:18.871000','trunghieuot8423@gmail.com','COD','0393918423','VUONG TIEN TRUNG HIEU','Mỹ Quang, Thăng Long, Nông Cống, Thanh Hóa','PENDING',44000,1,'2024-12-14 13:51:18.871000'),(21,'2024-12-10 16:15:28.357000','daonhat123@gmail.com','COD','0912345678','Đào nhật','ewewr43435435','DELIVERED',1086000,22,'2024-12-14 16:37:46.405000'),(22,'2024-12-10 16:15:47.121000','daonhat123@gmail.com','COD','0912345678','Đào nhật','333','PENDING',73000,22,'2024-12-14 16:15:47.121000'),(23,'2024-12-10 16:16:03.171000','daonhat123@gmail.com','COD','0912345678','Đào nhật','fg','DELIVERING',45000,22,'2024-12-14 16:37:32.999000'),(24,'2024-12-11 16:16:15.712000','daonhat123@gmail.com','COD','0912345678','Đào nhật','gfd','PENDING',68000,22,'2024-12-14 16:16:15.712000'),(25,'2024-12-11 16:16:32.872000','daonhat123@gmail.com','COD','0912345678','Đào nhật','12qwq','PENDING',1639000,22,'2024-12-14 16:16:32.872000'),(26,'2024-12-11 16:23:25.146000','daovannhat1@gmail.com','COD','0399999999','Dao nhat','hahah','DELIVERED',153000,24,'2024-12-14 16:36:42.260000'),(27,'2024-12-11 16:23:25.146000','daovannhat18@gmail.com','COD','0399999997','Dao nhat','hahah','PENDING',153000,25,'2024-12-14 16:23:25.146000'),(28,'2024-12-11 16:23:25.151000','daovannhat13@gmail.com','COD','0399999992','Dao nhat','hahah','DELIVERED',153000,29,'2024-12-14 16:36:35.320000'),(29,'2024-12-11 16:23:25.194000','daovannhat12@gmail.com','COD','0399999991','Dao nhat','hahah','DELIVERED',153000,23,'2024-12-14 16:37:24.307000'),(30,'2024-12-12 16:23:25.208000','daovannhat15@gmail.com','COD','0399999994','Dao nhat','hahah','PENDING',153000,30,'2024-12-14 16:23:25.208000'),(31,'2024-12-12 16:23:25.213000','daovannhat10@gmail.com','COD','0399999990','Dao nhat','hahah','PROCESSING',153000,31,'2024-12-14 16:37:17.161000'),(32,'2024-12-12 16:23:25.224000','daovannhat14@gmail.com','COD','0399999993','Dao nhat','hahah','DELIVERED',153000,26,'2024-12-14 16:37:10.003000'),(33,'2024-12-12 16:23:25.269000','daovannhat17@gmail.com','COD','0399999996','Dao nhat','hahah','DELIVERING',153000,32,'2024-12-14 16:37:02.354000'),(34,'2024-12-13 16:23:25.380000','daovannhat19@gmail.com','COD','0399999998','Dao nhat','hahah','PROCESSING',153000,28,'2024-12-14 16:36:48.376000'),(35,'2024-12-13 16:23:25.401000','daovannhat16@gmail.com','COD','0399999995','Dao nhat','hahah','DELIVERING',153000,27,'2024-12-14 16:36:54.081000'),(36,'2024-12-13 16:24:01.381000','daovannhat12@gmail.com','COD','0399999991','Dao nhat','ahuhuh','DELIVERED',95500,23,'2024-12-14 16:33:49.318000'),(37,'2024-12-13 16:24:01.382000','daovannhat17@gmail.com','COD','0399999996','Dao nhat','ahuhuh','PENDING',95500,32,'2024-12-14 16:24:01.382000'),(38,'2024-12-13 16:24:01.415000','daovannhat1@gmail.com','COD','0399999999','Dao nhat','ahuhuh','DELIVERED',191000,24,'2024-12-14 16:33:36.063000'),(39,'2024-12-13 16:24:01.415000','daovannhat16@gmail.com','COD','0399999995','Dao nhat','ahuhuh','PENDING',95500,27,'2024-12-14 16:24:01.415000'),(40,'2024-12-13 16:24:01.452000','daovannhat13@gmail.com','COD','0399999992','Dao nhat','ahuhuh','PROCESSING',95500,29,'2024-12-14 16:33:42.585000'),(41,'2024-12-13 16:24:01.568000','daovannhat19@gmail.com','COD','0399999998','Dao nhat','ahuhuh','PROCESSING',95500,28,'2024-12-14 16:36:20.034000'),(42,'2024-12-13 16:24:01.596000','daovannhat14@gmail.com','COD','0399999993','Dao nhat','ahuhuh','PROCESSING',95500,26,'2024-12-14 16:36:02.741000'),(43,'2024-12-13 16:24:01.594000','daovannhat18@gmail.com','COD','0399999997','Dao nhat','ahuhuh','PENDING',95500,25,'2024-12-14 16:24:01.594000'),(44,'2024-12-13 16:24:01.596000','daovannhat15@gmail.com','COD','0399999994','Dao nhat','ahuhuh','PENDING',95500,30,'2024-12-14 16:24:01.597000'),(45,'2024-12-13 16:24:01.605000','daovannhat10@gmail.com','COD','0399999990','Dao nhat','ahuhuh','DELIVERING',95500,31,'2024-12-14 16:36:09.848000'),(46,'2024-12-09 16:24:51.695000','daovannhat12@gmail.com','COD','0399999991','Dao nhat','uwiq','PENDING',136000,23,'2024-12-14 16:24:51.695000'),(47,'2024-12-09 16:24:51.695000','daovannhat17@gmail.com','COD','0399999996','Dao nhat','uwiq','DELIVERED',136000,32,'2024-12-14 16:32:44.252000'),(48,'2024-12-09 16:24:51.707000','daovannhat10@gmail.com','COD','0399999990','Dao nhat','uwiq','DELIVERED',136000,31,'2024-12-14 16:33:08.727000'),(49,'2024-12-09 16:24:51.750000','daovannhat16@gmail.com','COD','0399999995','Dao nhat','uwiq','PENDING',136000,27,'2024-12-14 16:24:51.750000'),(50,'2024-12-09 16:24:51.759000','daovannhat1@gmail.com','COD','0399999999','Dao nhat','uỷewiq','PENDING',136000,24,'2024-12-14 16:24:51.759000'),(51,'2024-12-09 16:24:51.768000','daovannhat19@gmail.com','COD','0399999998','Dao nhat','uwiq','DELIVERED',136000,28,'2024-12-14 16:28:37.528000'),(52,'2024-12-09 16:24:51.776000','daovannhat15@gmail.com','COD','0399999994','Dao nhat','uwiq','PENDING',136000,30,'2024-12-14 16:24:51.776000'),(53,'2024-12-14 16:24:51.775000','daovannhat18@gmail.com','COD','0399999997','Dao nhat','uwiq','PROCESSING',136000,25,'2024-12-14 16:33:24.734000'),(54,'2024-12-14 16:24:51.781000','daovannhat13@gmail.com','COD','0399999992','Dao nhat','uwiq','PENDING',136000,29,'2024-12-14 16:24:51.781000'),(55,'2024-12-14 16:24:51.821000','daovannhat14@gmail.com','COD','0399999993','Dao nhat','uwiq','PENDING',136000,26,'2024-12-14 16:24:51.821000'),(56,'2024-12-14 16:25:33.324000','daovannhat16@gmail.com','COD','0399999995','Dao nhat','uerouewoiruweoir','PENDING',512000,27,'2024-12-14 16:25:33.324000'),(57,'2024-12-14 16:25:33.341000','daovannhat10@gmail.com','COD','0399999990','Dao nhat','uerouewoiruweoir','DELIVERED',512000,31,'2024-12-14 16:32:26.521000'),(58,'2024-12-14 16:25:33.353000','daovannhat13@gmail.com','COD','0399999992','Dao nhat','uerouewoiruweoir','DELIVERED',512000,29,'2024-12-14 16:32:19.654000'),(59,'2024-12-14 16:25:33.370000','daovannhat15@gmail.com','COD','0399999994','Dao nhat','uerouewoiruweoir','PROCESSING',512000,30,'2024-12-14 16:32:13.693000'),(60,'2024-12-14 16:25:33.394000','daovannhat17@gmail.com','COD','0399999996','Dao nhat','uerouewoiruweoir','DELIVERED',512000,32,'2024-12-14 16:32:09.270000'),(61,'2024-12-14 16:25:33.496000','daovannhat1@gmail.com','COD','0399999999','Dao nhat','ưởiuerouewoiruweoir','PENDING',512000,24,'2024-12-14 16:25:33.496000'),(62,'2024-12-14 16:25:33.522000','daovannhat18@gmail.com','COD','0399999997','Dao nhat','uerouewoiruweoir','DELIVERED',512000,25,'2024-12-14 16:32:01.564000'),(63,'2024-12-14 16:25:33.552000','daovannhat14@gmail.com','COD','0399999993','Dao nhat','uerouewoiruweoir','DELIVERING',512000,26,'2024-12-14 16:31:54.751000'),(64,'2024-12-14 16:25:33.632000','daovannhat19@gmail.com','COD','0399999998','Dao nhat','uerouewoiruweoir','PROCESSING',512000,28,'2024-12-14 16:31:48.775000'),(65,'2024-12-14 16:25:36.293000','daovannhat12@gmail.com','COD','0399999991','Dao nhat','uerouewoiruweoir','DELIVERED',512000,23,'2024-12-14 16:31:44.119000');
/*!40000 ALTER TABLE `orders` ENABLE KEYS */;
UNLOCK TABLES;

--
-- Table structure for table `roles`
--

DROP TABLE IF EXISTS `roles`;
/*!40101 SET @saved_cs_client     = @@character_set_client */;
/*!50503 SET character_set_client = utf8mb4 */;
CREATE TABLE `roles` (
  `id` bigint NOT NULL AUTO_INCREMENT,
  `created_at` timestamp NULL DEFAULT CURRENT_TIMESTAMP,
  `name` varchar(255) DEFAULT NULL,
  `updated_at` timestamp NULL DEFAULT CURRENT_TIMESTAMP,
  PRIMARY KEY (`id`)
) ENGINE=InnoDB AUTO_INCREMENT=4 DEFAULT CHARSET=utf8mb4 COLLATE=utf8mb4_0900_ai_ci;
/*!40101 SET character_set_client = @saved_cs_client */;

--
-- Dumping data for table `roles`
--

LOCK TABLES `roles` WRITE;
/*!40000 ALTER TABLE `roles` DISABLE KEYS */;
INSERT INTO `roles` VALUES (1,NULL,'ROLE_USER',NULL),(2,'2024-11-29 19:23:44','ROLE_ADMIN','2024-11-29 19:23:44');
/*!40000 ALTER TABLE `roles` ENABLE KEYS */;
UNLOCK TABLES;

--
-- Table structure for table `users`
--

DROP TABLE IF EXISTS `users`;
/*!40101 SET @saved_cs_client     = @@character_set_client */;
/*!50503 SET character_set_client = utf8mb4 */;
CREATE TABLE `users` (
  `id` bigint NOT NULL AUTO_INCREMENT,
  `address` varchar(255) DEFAULT NULL,
  `created_at` datetime(6) DEFAULT NULL,
  `email` varchar(255) NOT NULL,
  `full_name` varchar(255) DEFAULT NULL,
  `password` varchar(255) NOT NULL,
  `phone_number` varchar(255) NOT NULL,
  `updated_at` datetime(6) DEFAULT NULL,
  `birthday` varchar(100) DEFAULT NULL,
  `image` varchar(255) DEFAULT NULL,
  `gender` varchar(45) DEFAULT NULL,
  `notes` varchar(45) DEFAULT NULL,
  PRIMARY KEY (`id`),
  UNIQUE KEY `email_UNIQUE` (`email`),
  UNIQUE KEY `phone_number_UNIQUE` (`phone_number`)
) ENGINE=InnoDB AUTO_INCREMENT=33 DEFAULT CHARSET=utf8mb4 COLLATE=utf8mb4_0900_ai_ci;
/*!40101 SET character_set_client = @saved_cs_client */;

--
-- Dumping data for table `users`
--

LOCK TABLES `users` WRITE;
/*!40000 ALTER TABLE `users` DISABLE KEYS */;
INSERT INTO `users` VALUES (1,'Mỹ Quang, Thăng Long, Nông Cống, Thanh Hóa',NULL,'trunghieuot8423@gmail.com','VUONG TIEN TRUNG HIEU','$2a$10$4bshfag/mN33k.XU/EILeuUWdXOVAEcFZ7wgz5ATd4HNYKlQd0hLW','0393918423','2024-12-10 00:44:36.472000','2003-11-11','1733763525556_messages-2.jpg','Nam','good chop'),(15,NULL,'2024-12-09 01:25:05.752000','h123456@gmail.com',NULL,'$2a$10$0jlhFzbLjSvJdMl2jPgvr.uOqE91TAOTgQx8fmRtT7c.j6XbL8s7C','0391111111','2024-12-09 01:25:05.752000',NULL,NULL,NULL,NULL),(16,NULL,'2024-12-09 01:26:38.741000','h1234@gmail.com','VUONG TIEN TRUNG HIEU','$2a$10$udKnYHcPNAoaGphg0cdryOpGQV7gTg82PJeTEDKszdi.pFzH2jZaW','0391111112','2024-12-09 01:26:38.741000',NULL,NULL,NULL,NULL),(17,NULL,'2024-12-09 01:40:40.572000','thaison123@gmail.com','Thái Sơn','$2a$10$ECYYrX.aI.i6nLI6q08Vgu1Uh1T95egjrg81XXetRGvBDg1mXekxW','0391111123','2024-12-09 01:40:40.572000',NULL,NULL,NULL,NULL),(18,NULL,'2024-12-09 01:43:21.987000','h123411@gmail.com','VUONG TIEN TRUNG HIEU','$2a$10$9Abs.qlD5BaGwBT2zMtON.EfiEkiPMqGxSQj.b.DhyH6dEQ3bz8zK','0391111122','2024-12-09 01:43:21.987000',NULL,NULL,NULL,NULL),(19,NULL,'2024-12-09 01:46:19.320000','son1234@gmail.com','sơn','$2a$10$STvces3Yvyz035sy0dPeLOmaGIBnWSBKRyIZWE9sygirhvBPguffa','0391111234','2024-12-09 01:46:19.320000',NULL,NULL,NULL,NULL),(20,NULL,'2024-12-09 01:48:54.978000','son12345@gmail.com','Thái Sơn','$2a$10$ELYXTcdguDvlKmYlHbWlzeTUSF70P01b7ePvKjO.QVu2TlFGjkGlS','0391111188','2024-12-09 01:48:54.978000',NULL,NULL,NULL,NULL),(21,'Nông Cống','2024-12-14 03:12:15.714000','hieu9999@gmail.com','Trung hiếu','$2a$10$olgU9tF68M8m5jcykfVKLuH00xbY.Y0CxCM8rrxX3p4xsEYKGUbhK','0391112223','2024-12-14 03:22:28.375000','2006-01-13','1734120784419_oxwhrstk.png','Nam','ahihi'),(22,'Bắc Từ Liêm, Hà Nội','2024-12-14 16:13:26.459000','daonhat123@gmail.com','Đào nhật','$2a$10$LT6x9rUHxQU9Q1CP2ZVHWeMGKoRp3Tu9.j2/GR0FdYw51q9VPo/S.','0912345678','2024-12-14 16:14:37.734000','2012-02-01','1734167677724_messages-3.jpg','Nam','đẹp trai'),(23,'Ha Noi','2024-12-14 16:22:50.143000','daovannhat12@gmail.com','Dao nhat','$2a$10$23j6Jlk9iA7Ch.2CJHKeRe91hGpdagoHrtkc9x896FQsstoV1wYIG','0399999991','2024-12-14 16:27:17.338000','2024-12-06',NULL,'Nam','Ha Noi'),(24,'Ha Noi','2024-12-14 16:22:50.156000','daovannhat1@gmail.com','Dao nhat','$2a$10$d7tLMM60aBp6xwRu9EAWDeo.gRcD2MpZbba4MbS1tzLZ2rPweVzFC','0399999999','2024-12-14 16:27:17.108000','2024-12-06',NULL,'Nam','Ha Noi'),(25,'Ha Noi','2024-12-14 16:22:50.170000','daovannhat18@gmail.com','Dao nhat','$2a$10$19I9E8PZWNHsw.VE/.sP5e09oce9yh70XgMVKBHECCE4c9a05TP9a','0399999997','2024-12-14 16:27:16.866000','2024-12-01',NULL,'Nam','Ha Noi'),(26,'Ha Noi','2024-12-14 16:22:50.189000','daovannhat14@gmail.com','Dao nhat','$2a$10$BGW3IyFtFLhiA/7eXkTCyuS8LKm1YpqH82fJY.7Vt2/.U4uF8uI5S','0399999993','2024-12-14 16:27:16.791000','2024-12-19',NULL,'Nam','Ha Noi'),(27,'Ha Noi','2024-12-14 16:22:50.191000','daovannhat16@gmail.com','Dao nhat','$2a$10$oUS77IC20n0meYJEAIevZuWh9PB/A996q1KsYSk45d/WByEB0ERcm','0399999995','2024-12-14 16:27:17.375000','2024-11-28',NULL,'Nam','Ha Noi'),(28,'Ha Noi','2024-12-14 16:22:50.207000','daovannhat19@gmail.com','Dao nhat','$2a$10$092ErWBjvkLmUjAED9iKguiWbdSvhbg4hfAfrQu5ykTmlgSOhYdla','0399999998','2024-12-14 16:27:17.102000','2024-12-03',NULL,'Nam','Ha Noi'),(29,'Ha Noi','2024-12-14 16:22:50.207000','daovannhat13@gmail.com','Dao nhat','$2a$10$EvRceBClKRKq9ucMuu2j1eQzOZWs3T6PR8E2wNRnFnZ6/Yz/ZEG6K','0399999992','2024-12-14 16:27:16.815000','2024-12-11',NULL,'Nam','Ha Noi'),(30,'Ha Noi','2024-12-14 16:22:50.214000','daovannhat15@gmail.com','Dao nhat','$2a$10$3U5qYrSVHOJKglxIcDsfBuEgBD4.wqg5CZMW3T8gEQ4Fu5epyPYM6','0399999994','2024-12-14 16:27:16.865000','2024-12-10',NULL,'Nam','Ha Noi'),(31,'Ha Noi','2024-12-14 16:22:50.237000','daovannhat10@gmail.com','Dao nhat','$2a$10$uOXR3tnKi225dcbL3Q0RZOr32tTudpZl3UY46BqQn7FJhOONYsdsi','0399999990','2024-12-14 16:27:16.945000','2024-12-04',NULL,'Nam','Ha Noi'),(32,'Ha Noi','2024-12-14 16:22:50.280000','daovannhat17@gmail.com','Dao nhat','$2a$10$p8VbBDGFR2NHQm1bQwS0ruBI4WA5yn/3dwu7.JriGLKZ/SWogURxK','0399999996','2024-12-14 16:27:16.805000','2024-12-08',NULL,'Nam','Ha Noi');
/*!40000 ALTER TABLE `users` ENABLE KEYS */;
UNLOCK TABLES;

--
-- Table structure for table `users_roles`
--

DROP TABLE IF EXISTS `users_roles`;
/*!40101 SET @saved_cs_client     = @@character_set_client */;
/*!50503 SET character_set_client = utf8mb4 */;
CREATE TABLE `users_roles` (
  `user_id` bigint NOT NULL,
  `role_id` bigint NOT NULL,
  PRIMARY KEY (`user_id`,`role_id`),
  KEY `FKj6m8fwv7oqv74fcehir1a9ffy` (`role_id`),
  CONSTRAINT `FK2o0jvgh89lemvvo17cbqvdxaa` FOREIGN KEY (`user_id`) REFERENCES `users` (`id`),
  CONSTRAINT `FKj6m8fwv7oqv74fcehir1a9ffy` FOREIGN KEY (`role_id`) REFERENCES `roles` (`id`)
) ENGINE=InnoDB DEFAULT CHARSET=utf8mb4 COLLATE=utf8mb4_0900_ai_ci;
/*!40101 SET character_set_client = @saved_cs_client */;

--
-- Dumping data for table `users_roles`
--

LOCK TABLES `users_roles` WRITE;
/*!40000 ALTER TABLE `users_roles` DISABLE KEYS */;
INSERT INTO `users_roles` VALUES (15,1),(16,1),(17,1),(18,1),(19,1),(20,1),(21,1),(22,1),(23,1),(24,1),(25,1),(26,1),(27,1),(28,1),(29,1),(30,1),(31,1),(32,1),(1,2);
/*!40000 ALTER TABLE `users_roles` ENABLE KEYS */;
UNLOCK TABLES;
/*!40103 SET TIME_ZONE=@OLD_TIME_ZONE */;

/*!40101 SET SQL_MODE=@OLD_SQL_MODE */;
/*!40014 SET FOREIGN_KEY_CHECKS=@OLD_FOREIGN_KEY_CHECKS */;
/*!40014 SET UNIQUE_CHECKS=@OLD_UNIQUE_CHECKS */;
/*!40101 SET CHARACTER_SET_CLIENT=@OLD_CHARACTER_SET_CLIENT */;
/*!40101 SET CHARACTER_SET_RESULTS=@OLD_CHARACTER_SET_RESULTS */;
/*!40101 SET COLLATION_CONNECTION=@OLD_COLLATION_CONNECTION */;
/*!40111 SET SQL_NOTES=@OLD_SQL_NOTES */;

-- Dump completed on 2024-12-14 16:57:13
